q_num,category,text,option1,option2,option3,answer,q_chars,a_chars,tag,note
1,science,Mars has ___ moons,2,5,4,2,18,1,Keep,
2,science,first man in space,Y. Gagarin,N. Armstrong,B. Yeltsin,Y. Gagarin,18,10,Keep,
3,science,first man to step on the moon,N. Armstrong,M. Jackson,E. Aldrin,N. Armstrong,29,12,Keep,
4,science,first shuttle to land on the moon,Apollo 11,Apollo 13,Apollo 15,Apollo 11,33,9,Light edit,"""shuttle"" → ""craft"" (Apollo was a spacecraft, not a shuttle)"
5,science,not in our solar system,Centauri,Sun,Pluto,Centauri,23,8,Keep,
6,science,closest to the earth,Venus,Mars,Saturn,Venus,20,5,Keep,
7,science,a space telescope,Hubble,Sagan,Keck,Hubble,17,6,Keep,
8,science,larger than the others,Sun,Earth,Moon,Sun,22,3,Keep,
9,science,farther away from the sun,Uranus,Jupiter,Saturn,Uranus,25,6,Light edit,"grammar: ""farther"" → ""farthest"" (superlative with 3 options); also capitalize Sun for consistency"
10,science,the earth orbits the sun once in ___ days,365,30,180,365,41,3,Light edit,"trim prompt to ""Earth orbits the Sun in ___ days"" (41 → 32 chars)"
11,science,the summer solstice occurs in ___,June,May,July,June,33,4,Light edit,"prompt → ""the June solstice occurs in ___""; answers unchanged (June/May/July). Tautology acceptable per CD."
12,science,the winter solstice occurs in ___,December,November,January,December,33,8,Light edit,"prompt → ""Northern Hemisphere winter solstice in""; distractors unchanged (December/November/January)"
13,science,the moon orbits the earth once in ___ days,28,21,7,28,42,2,Light edit,"trim prompt to ""Moon orbits the Earth in ___ days"" (42 → 33 chars)"
14,science,smaller than the others,Moon,Mars,Earth,Moon,23,4,Keep,
15,science,largest planet in our solar system,Jupiter,Saturn,Uranus,Jupiter,34,7,Keep,
16,science,the name of our galaxy,Milky Way,Solaris,Centauri,Milky Way,22,9,Keep,
17,science,closest galaxy to ours,Andromeda,Alpha Centauri,Sagan C,Andromeda,22,9,Light edit,"add ""large"" → ""closest large galaxy to ours"""
18,science,an earth science,geology,mathematics,physics,geology,16,7,Keep,
19,science,the study of soil,pedology,zoology,jumangy,pedology,17,8,Keep,
20,science,water,H2O,CH4,CH3O,H2O,5,3,Keep,
21,science,Cr stands for,chromium,charmendium,chloride,chromium,13,8,Keep,
22,science,Mg stands for,magnesium,manganese,madagascar,magnesium,13,9,Keep,
23,science,Fe stands for,iron,silver,gold,iron,13,4,Keep,
24,science,K stands for,potassium,carbon,kraken,potassium,12,9,Keep,
25,science,Os stands for,osmium,oxygen,osmosis,osmium,13,6,Keep,
26,science,N stands for,nitrogen,neon,narnium,nitrogen,12,8,Keep,
27,science,U stands for,uranium,uxium,ukrainium,uranium,12,7,Light edit,"swap distractor ""ukrainium"" → ""unobtainium"" (generic sci-fi term, no trademark)"
28,science,Au stands for,gold,aluminum,rock,gold,13,4,Keep,
29,science,Br stands for,bromine,bromium,brosupium,bromine,13,7,Keep,
30,science,Ag stands for,silver,bronze,gold,silver,13,6,Keep,
31,science,water boils at ___ degrees Celcius,100,0,212,100,34,3,Light edit,typo: Celcius → Celsius
32,science,water freezes at ___ degrees Kelvin,273,0,-100,273,35,3,Light edit,"drop ""degrees"" → ""water freezes at ___ Kelvin"""
33,science,subatomic particle,proton,hydrogen,molecule,proton,18,6,Keep,
34,science,negatively charged,electron,neutron,proton,electron,18,8,Keep,
35,science,positively charged,proton,neutron,electron,proton,18,6,Keep,
36,science,Einstein's theory of ___,relativity,gravity,theories,relativity,24,10,Keep,
37,science,created the vaccine for rabies,L. Pasteur,C. Darwin,E. Jenner,L. Pasteur,30,10,Keep,
38,science,director of the Manhattan Project,J. R. Oppenheimer,A. Einstein,Dr. Manhattan,J. R. Oppenheimer,33,17,Keep,
39,science,100 kilograms equal ___ pounds,220,160,40,220,30,3,Keep,
40,science,440 pounds equal ___ kilograms,200,100,110,200,30,3,Keep,
41,science,1 second equals ___ miliseconds,1000,100,60,1000,31,4,Light edit,typo: miliseconds → milliseconds
42,science,25 hours equal ___ minutes,1500,2500,1250,1500,26,4,Keep,
43,science,96 hours equal ___ days,4,12,16,4,23,1,Keep,
44,science,3 meters equal ___ feet,10,6,12,10,23,2,Keep,
45,science,1 metric ton equals ___ kilograms,1000,220,2000,1000,33,4,Keep,
46,science,2 liters equal ___ milliliters,2000,1200,240,2000,30,4,Keep,
47,science,the industrial revolution began in,UK,Russia,France,UK,34,2,Keep,
48,science,Darwin's theory of ___,evolution,gravity,revolution,evolution,22,9,Keep,
49,science,inventor of the Tesla coil,N. Tesla,A. Coil,T. Edison,N. Tesla,26,8,Keep,
50,science,fell on Newton's head,apple,moon,monkey,apple,21,5,Keep,
51,science,force equals mass times ___,acceleration,speed,volume,acceleration,27,12,Keep,
52,science,there is no Nobel prize in ___,mathematics,literature,physics,mathematics,30,11,Keep,
53,science,won the Nobel prize twice,M. Curie,G. Foreman,A. Einstein,M. Curie,25,8,Keep,
54,science,discovered the X-ray,R.D. Roentgen,C. Xavier,M. Jackson,R.D. Roentgen,20,13,Light edit,fix initials: R.D. → W.C. Röntgen (Wilhelm Conrad)
55,science,invented the telephone,A. Graham Bell,T. Edison,T. Duwde,A. Graham Bell,22,14,Keep,
56,science,"he wrote ""On the Origin of Species""",C. Darwin,R. Dawkins,R. Downey Jr.,C. Darwin,35,9,Keep,
57,science,1 gram of fat has ___ calories,9,6,3,9,30,1,Keep,
58,science,1 gram of protein has ___ calories,4,7,9001,4,34,1,Keep,
59,science,invented the dynamite,A. Nobel,C. Orrekt,M. Curie,A. Nobel,21,8,Keep,
60,science,inventors of the airplane,Wright Brothers,Roeng Sisters,Jackson Family,Wright Brothers,25,15,Keep,
61,science,inventor of the revolver,S. Colt,F. Cent,A. K. Foresven,S. Colt,24,7,Keep,
62,science,inventor of the diesel engine,R. Diesel,S. Benzene,H. Ford,R. Diesel,29,9,Keep,
63,science,smaller than the others,destroyer,battleship,aircraft Carrier,destroyer,23,9,Light edit,"recategorize: science → misc (about ship sizes); also fix stray capital: ""aircraft Carrier"" → ""aircraft carrier"""
64,science,the study of encryption,cryptography,calligraphy,calisthenics,cryptography,23,12,Keep,
65,science,liquid at room temperature,mercury,uranium,lead,mercury,26,7,Keep,
66,science,chemical explosive,TNT,ABD,C3PO,TNT,18,3,Keep,
67,science,density is mass over,volume,length,hardness,volume,20,6,Keep,
68,science,pioneer of aviation in helicopters,I. Sikorsky,R. U. Boeing,H. L. Kopter,I. Sikorsky,34,11,Light edit,"phrasing: ""pioneer of aviation in helicopters"" → ""pioneer of helicopter aviation"""
69,science,the human body's largest organ,skin,brain,heart,skin,30,4,Keep,
70,science,herbivores eat,plants,bacon,planets,plants,14,6,Keep,
71,science,dinosaurs became extinct ___ years ago,65 million,145 million,325 million,65 million,38,10,Keep,
72,science,not a kingdom in biology,mammalia,fungi,animalia,mammalia,24,8,Keep,
73,science,a nucleid acid,DNA,cytoplasm,nucleus,DNA,14,3,Light edit,"typo: ""nucleid"" → ""nucleic"""
74,science,the functional basic unit of life,cell,gene,DNA,cell,33,4,Keep,
75,science,change in velocity over time,acceleration,speed,direction,acceleration,28,12,Keep,
76,science,ISU = International System of ___,Units,Unions,Unicorns,Units,33,5,Light edit,fix abbreviation: ISU → SI (Système International)
77,science,not a constellation,Leon,Chamaeleon,Aries,Leon,19,4,Keep,
78,science,the male hormone,testosterone,estrogen,insulin,testosterone,16,12,Keep,
79,science,the female hormone,estrogen,testosterone,insulin,estrogen,18,8,Keep,
80,science,tegulates blood sugar,insulin,estrogen,testosterone,insulin,21,7,Light edit,typo: tegulates → regulates
81,science,concentrates bile,gall bladder,stomach,pancreas,gall bladder,17,12,Keep,
82,science,ammonia,NH3,H2SO4,CH3O,NH3,7,3,Keep,
83,science,not a basic human taste,sugarness,saltiness,bitterness,sugarness,23,9,Keep,
84,science,a basic human taste,sweetness,hotness,sugarness,sweetness,19,9,Keep,
85,science,the periodic table has ___ elements,118,84,156,118,35,3,Keep,
86,science,contains the ozone layer,stratosphere,lithosphere,pseudosphere,stratosphere,24,12,Keep,
87,science,ozone,O3,O2,CH2O,O3,5,2,Keep,
88,science,stored energy,potential,kinetic,nucleic,potential,13,9,Keep,
89,science,joule is a unit of,energy,acceleration,magnetism,energy,18,6,Keep,
90,science,specific ___ capacity,heat,dilution,magnet,heat,21,4,Keep,
91,science,a barometer measures,pressure,temperature,elevation,pressure,20,8,Keep,
92,science,Mr. Avogadro has a ___ named after him,constant,cookbook,country,constant,38,8,Keep,
93,science,creator of the periodic table,D. Mendelev,I. Newton,N. Tesla,D. Mendelev,29,11,Light edit,spelling: Mendelev → Mendeleev
94,science,X-rays were discovered in,1895,1922,1938,1895,25,4,Keep,
95,science,has less gravity,Moon,Earth,Mars,Moon,16,4,Light edit,"grammar: ""has less gravity"" → ""lowest gravity"" (superlative with 3 options)"
96,science,atomic number is the number of ___,protons,neutrons,electrons,protons,34,7,Keep,
97,science,the nucleus does not contain ___,electrons,neutrons,protons,electrons,32,9,Keep,
98,science,won the Nobel prize in economics,J. Nash,A. Einstein,T. Count,J. Nash,32,7,Keep,
99,science,famous for his cat,E. Schrodinger,A. Einstein,J. Nash,E. Schrodinger,18,14,Keep,
100,science,H stands for,hydrogen,helium,hassium,hydrogen,12,8,Keep,
101,science,most common gas in the atmosphere,nitrogen,oxygen,nexgen,nitrogen,33,8,Keep,
102,science,a snowflake has,6 sides,12 sides,9 sides,6 sides,15,7,Keep,
103,science,speed of sound,340 m/s,1337 m/s,440 m/s,340 m/s,14,7,Keep,
104,science,faster than the others,light,sound,cheetah,light,22,5,Keep,
105,science,smaller than the others,proton,molecule,baby elephant,proton,23,6,Keep,
106,science,deoxyribonucleic acid,DNA,DBO,DOA,DNA,21,3,Keep,
107,science,ribonucleic acid,RNA,DNA,RNB,RNA,16,3,Keep,
108,science,rapid ___ movement sleep,eye,feet,tooth,eye,24,3,Keep,
109,science,Kelvin is a unit of,temperature,distance,mass,temperature,19,11,Keep,
110,science,second is a unit of,time,space,olympics,time,19,4,Keep,
111,science,ascorbic acid,vitamin C,vitamin D,vitamin S,vitamin C,13,9,Keep,
112,science,not a part of the paleolithic diet,donuts,meat,fruits,donuts,34,6,Keep,
113,science,CERN is located in ___,Geneva,Brussels,Texas,Geneva,22,6,Keep,
114,science,soluble in water,table salt,olive oil,metal spoon,table salt,16,10,Keep,
115,science,not a type of fish,silverback,bass,jack,silverback,18,10,Keep,
116,science,a type of fish,barracuda,seabear,big blue blind,barracuda,14,9,Light edit,"distractor ""big blue blind"" → ""big blue bulk"""
117,science,the atomic number of gold is ___,79,24,92,79,32,2,Keep,
118,science,the atomic number of hydrogen is ___,1,4,12,1,36,1,Keep,
119,science,the atomic number of silver is ___,47,79,33,47,34,2,Keep,
120,science,larger than the others,Jupiter,Uranus,Venus,Jupiter,22,7,Keep,
121,misc,"the answer is ""the answer""",the answer,what,false,the answer,26,10,Keep,
122,misc,you mother's mother's daughter,your aunt,your brother,your grandma,your aunt,30,9,Light edit,"typo: ""you mother's"" → ""your mother's""; answers unchanged"
123,misc,the first word in this sentence,the,second,sentence,the,31,3,Keep,
124,misc,overtake the third and you are __,third,second,first,third,33,5,Light edit,"underscore count: ""__"" → ""___"" (corpus uses 3 underscores)"
125,misc,a triplet boy has at least ___ siblings,two,three,four,two,39,3,Keep,
126,misc,24th letter in the english alphabet,x,z,p,x,35,1,Light edit,"capitalize: ""english alphabet"" → ""English alphabet"""
127,misc,13th letter in the english alphabet,m,j,p,m,35,1,Light edit,"capitalize: ""english alphabet"" → ""English alphabet"""
128,misc,6th letter in the english alphabet,f,g,h,f,34,1,Light edit,"capitalize: ""english alphabet"" → ""English alphabet"""
129,misc,most native speakers,Mandarin,English,Spanish,Mandarin,20,8,Keep,
130,misc,"pick ""this""",this,that,those,this,11,4,Keep,
131,misc,you are reading ___,the answer,a book,the newspaper,the answer,19,10,Keep,
132,misc,your uncle's father's son,your father,your mother,your son,your father,25,11,Keep,
133,misc,the name of this game,Super Smart,Epic Smarts,Smarty Smarts,Super Smart,21,11,Keep,
134,misc,you are playing ___,Super Smart,Epic Smarts,Smartrr,Super Smart,19,11,Keep,
135,misc,yellow mixed with red,orange,violet,blue,orange,21,6,Keep,
136,misc,red mixed with blue,violet,orange,green,violet,19,6,Keep,
137,misc,blue mixed with yellow,green,violet,turquoise,green,22,5,Keep,
138,misc,not a primary color,green,yellow,red,green,19,5,Keep,
139,misc,a primary color,red,green,violet,red,15,3,Keep,
140,misc,a fruit,tomato,celery,spinach,tomato,7,6,Keep,
141,misc,type of underwear,boxers,kittens,puppies,boxers,17,6,Keep,
142,misc,has opposable thumbs,gorilla,whale,dog,gorilla,20,7,Keep,
143,misc,rock beats ___,scissors,paper,stone,scissors,14,8,Keep,
144,misc,paper beats ___,rock,scissors,pencil,rock,15,4,Keep,
145,misc,2012 olympics took place in ___,London,Istanbul,Paris,London,31,6,Keep,
146,misc,2008 olympics took place in ___,Beijing,Munich,London,Beijing,31,7,Keep,
147,misc,not an olympic sport,squash,fencing,taekwondo,squash,20,6,Light edit,"swap distractor ""squash"" → ""bowling"" (squash approved for LA 2028 Olympics)"
148,misc,an olympic sport,triathlon,sumo,chess,triathlon,16,9,Keep,
149,misc,a spider has ___ legs,8,6,9,8,21,1,Keep,
150,misc,the day before tomorrow,today,yesterday,tomorrow,today,23,5,Keep,
151,misc,the day after yesterday,today,yesterday,tomorrow,today,23,5,Keep,
152,misc,two days before wednesday,monday,thursday,saturday,monday,25,6,Light edit,"capitalize weekday names: ""wednesday"" → ""Wednesday"" (prompt + all options)"
153,misc,three days after last tuesday,friday,thursday,sunday,friday,29,6,Light edit,"capitalize weekday names: ""tuesday"" → ""Tuesday"" (prompt + all options)"
154,misc,the day before next wednesday,tuesday,last friday,thursday,tuesday,29,7,Light edit,"capitalize weekday names: ""wednesday/tuesday/last friday/thursday"" → capitalized (prompt + all options)"
155,misc,the number of weeks in three years,156,144,112,156,34,3,Keep,
156,misc,three letters before i,f,g,k,f,22,1,Keep,
157,misc,between the letters m and o,n,k,p,n,27,1,Keep,
158,misc,the letter before u,t,v,x,t,19,1,Keep,
159,misc,"opposite of ""opposite""",same,different,neutral,same,22,4,Keep,
160,misc,antonym of synonym,antonym,synonym,acronym,antonym,18,7,Keep,
161,misc,pick the odd one,3,2,4,3,16,1,Keep,
162,misc,above the heart,brain,stomach,intestine,brain,15,5,Keep,
163,misc,100% discount makes it ___,free,double the price,half the price,free,26,4,Keep,
164,misc,two million two hundred thirty two,2000232,2003232,2002032,2000232,34,7,Keep,
165,misc,one million four thousand four,1004004,1040044,1000444,1004004,30,7,Keep,
166,misc,five hundred thousand fifty five,500055,500555,550055,500055,32,6,Keep,
167,misc,four hundred thousand sixty six,400066,406606,400660,400066,31,6,Keep,
168,misc,nine thousand four hundred six,9406,9046,9466,9406,30,4,Keep,
169,misc,five million four hundred fifty two,5000452,5004052,5044052,5000452,35,7,Keep,
170,misc,six thousand six hundred seventy,6670,66707,6607,6670,32,4,Keep,
171,misc,fits in your pocket,a pen,a human,an elephant,a pen,19,5,Keep,
172,misc,"pick ""true"" or ""false""",true,can't,what,true,22,4,Keep,
173,misc,a spider wears ___ shoes,0,6,12,0,24,1,Keep,
174,misc,a word in this sentence,word,letters,where,word,23,4,Keep,
175,misc,the second word in this sentence,second,word,sentence,second,32,6,Keep,
176,misc,the four letter word in the middle,word,middle,the,word,34,4,Keep,
177,misc,"fourth letter of ""fourth""",r,f,t,r,25,1,Keep,
178,misc,"comes after the word ""after""",the,word,after,the,28,3,Keep,
179,misc,"second letter of ""this""",h,t,s,h,23,1,Keep,
180,misc,"third letter of ""what""",a,h,w,a,22,1,Keep,
181,misc,"fourth letter of ""smart""",r,t,s,r,24,1,Keep,
182,misc,"sixth letter of ""hippopotamus""",p,o,t,p,30,1,Keep,
183,misc,"the word before ""after""",before,after,why,before,23,6,Keep,
184,misc,"the word after ""after""",after,word,what,after,22,5,Keep,
185,misc,the letter after p,q,r,o,q,18,1,Keep,
186,misc,"the answer is ""your clue""",your clue,wrong,the answer,your clue,25,9,Keep,
187,misc,second letter after b,d,e,f,d,21,1,Keep,
188,misc,"""it is"" spelled backwards",si ti,it si,ti is,si ti,25,5,Keep,
189,misc,"""loot"" spelled backwards",tool,loto,lol,tool,24,4,Keep,
190,misc,"""letters"" spelled backwards",srettel,slettel,sreltel,srettel,27,7,Keep,
191,misc,"""refer"" spelled backwards",refer,rerfef,ferrer,refer,25,5,Keep,
192,misc,"""rhythm"" spelled backwards",mhtyhr,mhythr,mthyhr,mhtyhr,26,6,Keep,
193,misc,"""murder"" spelled backwards",redrum,redmur,murmur,redrum,26,6,Keep,
194,misc,"""live"" spelled backwards",evil,alive,vile,evil,24,4,Keep,
195,misc,"""something"" spelled backwards",gnihtemos,gnithomes,gnihmetos,gnihtemos,29,9,Keep,
196,misc,"a letter in ""a letter""",t,p,q,t,22,1,Keep,
197,misc,the last letter of this sentence,e,n,s,e,32,1,Keep,
198,misc,a year in the third century,298,311,23,298,27,3,Keep,
199,misc,second day of last year was in ___,January,December,June,January,34,7,Keep,
200,misc,second month after June,August,May,October,August,23,6,Keep,
201,misc,a year in the fifth century,444,555,666,444,27,3,Keep,
202,misc,"the answer is ""incorrect""",incorrect,2+2=5,false,incorrect,25,9,Keep,
203,misc,80 minutes past 11:00,12:20,11:60,12:40,12:20,21,5,Keep,
204,misc,75 minutes past 10:00,11:15,10:10,11:45,11:15,21,5,Keep,
205,misc,44 minutes past 11:00,11:44,10:16,11:40,11:44,21,5,Keep,
206,misc,80 minutes past 2:59,4:19,4:39,4:49,4:19,20,4,Keep,
207,misc,even this number is even,4,3,5,4,24,1,Keep,
208,misc,"""11"" and ""22"" are not the answer",99,11,22,99,32,2,Keep,
209,misc,odd numbers are not the answer,12,21,33,12,30,2,Keep,
210,misc,you are ___ at this game,awesome,wrong answer,wrong answer,awesome,24,7,Keep,
211,misc,"the answer is ""what""",what,why,how,what,20,4,Keep,
212,misc,"fifth letter of ""tricky question""",k,i,q,k,33,1,Keep,
213,misc,overtake the second and you are ___,second,third,first,second,35,6,Keep,
214,misc,"second letter of ""letter""",e,l,t,e,25,1,Keep,
215,misc,"rhymes with ""rhyme""",crime,drama,eminem,crime,19,5,Light edit,"capitalize: ""eminem"" → ""Eminem"" (proper noun)"
216,misc,a minute before midnight,23:59,12:59,11:11,23:59,24,5,Keep,
217,misc,two years after last year,next year,this year,2112,next year,25,9,Keep,
218,misc,two days after yesterday,tomorrow,today,yesterday,tomorrow,24,8,Keep,
219,misc,one day before tomorrow,today,yesterday,whataday,today,23,5,Keep,
220,misc,tenth month of the year,October,September,November,October,23,7,Keep,
221,misc,third month after may,August,June,October,August,21,6,Light edit,"capitalize: ""may"" → ""May"" (proper noun, month)"
222,misc,you are ___ smart,super,don't pick this,don't pick this,super,17,5,Keep,
223,misc,smaller than two million,855352,9218112,3441123,855352,24,6,Keep,
224,misc,the day after today,tomorrow,yesterday,today,tomorrow,19,8,Keep,
225,misc,that apple phone people brag about,iphone,myphone,al caphone,iphone,34,6,Keep,
226,misc,this question has ___,3 choices,8 words,99 problems,3 choices,21,9,Keep,
227,misc,the number of colors in the rainbow,7,8,9,7,35,1,Keep,
228,misc,the 28 day month,February,January,June,February,16,8,Keep,
229,misc,pure gold is ___,24 karats,14 karats,28 karats,24 karats,16,9,Keep,
230,misc,a chessboard has ___,64 squares,72 squares,44 squares,64 squares,20,10,Keep,
231,misc,a basketball team has ___,5 players,8 players,3 players,5 players,25,9,Keep,
232,misc,we are in the ___ century,21st,20th,19th,21st,25,4,Keep,
233,misc,the number of words in this sentence,7,8,5,7,36,1,Keep,
234,misc,your father's mother's son,your father,your mother,your son,your father,26,11,Keep,
235,misc,"the answer starts with ""c""",correct,think hard,try again,correct,26,7,Keep,
236,misc,this question has ___,three words,eight choices,fifty letters,three words,21,11,Keep,
237,misc,complete all the achievements!,sure thing!,don't pick this,don't pick this,sure thing!,30,11,Keep,
238,misc,your avatar looks like a brain!,it does!,don't pick this,don't pick this,it does!,31,8,Keep,
239,misc,the person playing this game is,me,my pet,michael jackson,me,31,2,Light edit,"capitalize: ""michael jackson"" → ""Michael Jackson"" (proper noun)"
240,misc,"find ""the secret""",the secret,where,i give up,the secret,17,10,Keep,
241,misc,"the correct answer is ""false""",false,correct,next,false,29,5,Keep,
242,misc,"the last letter of ""the alphabet""",t,a,u,t,33,1,Keep,
243,misc,"the last letter of ""something else""",e,s,h,e,35,1,Keep,
244,misc,"born on may 16th, your sign is ___",Taurus,Aries,Gemini,Taurus,34,6,Light edit,"capitalize: ""may"" → ""May"" (proper noun, month)"
245,misc,all but 4 of your 10 eggs break,4 eggs left,6 eggs left,14 eggs left,4 eggs left,31,11,Keep,
246,misc,a type of shellfish,mussel,muscle,muzzle,mussel,19,6,Keep,
247,misc,"born on January 15th, your sign is ___",Capricorn,Leo,Unicorn,Capricorn,38,9,Keep,
248,misc,"born on october 21st, your sign is ___",Libra,Gemini,Taurus,Libra,38,5,Light edit,"capitalize: ""october"" → ""October"" (proper noun, month)"
249,misc,"born on june 4th, your sign is ___",Gemini,Leo,Snape,Gemini,34,6,Light edit,"capitalize: ""june"" → ""June"" (proper noun, month)"
250,misc,"born on July 24th, your sign is ___",Leo,Libra,Pisces,Leo,35,3,Keep,
251,misc,"born in April, your sign could be ___",Taurus,Gemini,Capricorn,Taurus,37,6,Keep,
252,misc,a type of women's shoes,pumps,kats,tires,pumps,23,5,Keep,
253,misc,not a type of women's shoes,sharpies,flats,stillettos,sharpies,27,8,Light edit,"typo: ""stillettos"" → ""stilettos"""
254,misc,there is a ___ missing in this sentence,word,hard,fragile,word,39,4,Keep,
255,misc,can't wear these on your feet,scandals,shoes,socks,scandals,29,8,Keep,
256,misc,up is down when down is ___,up,down,a rabbit,up,27,2,Keep,
257,misc,not a zodiac sign,Tauri,Virgo,Sagittarius,Tauri,17,5,Keep,
258,misc,not a zodiac sign,Scorpion,Gemini,Pisces,Scorpion,17,8,Keep,
259,misc,a zodiac sign,Leo,Leon,Mufasa,Leo,13,3,Keep,
260,misc,the missing ___ in this sentence,word,going to,ridiculous,word,32,4,Keep,
261,misc,pick the blank answer,    ,not blank,occupied,    ,21,4,Keep,
262,misc,the answer has two letters,no,yes,maybe,no,26,2,Keep,
263,misc,"the answer is ""hidden""",hidden,right here,found it,hidden,22,6,Keep,
264,misc,this sentence has no ___,punctuation,letters,words,punctuation,24,11,Keep,
265,misc,a game mode in Super Smart,arcade,blitz,time limit,arcade,26,6,Light edit,"REPLACE: prompt ""a game mode in Super Smart"" → ""the answer is \""here\""""; options here/there/where; answer ""here"". Original ""arcade"" mode was retired 2026-04-18."
266,misc,an Apple product,iPod,MacBro,iShall,iPod,16,4,Light edit,"REPLACE: prompt ""an Apple product"" → ""a Google product""; options Gmail/Compass/Numero; answer ""Gmail"". Original iPod question dated since iPod discontinued 2022. Compass + Numero confirmed not Google products."
267,misc,this word is used twice in this sentence,this,in,word,this,40,4,Keep,
268,misc,43 minutes past 13:43,2:26 PM,14:46,15:16,2:26 PM,21,7,Keep,
269,misc,pick the correct ___ to score,answer,elephant,flower,answer,29,6,Keep,
270,misc,a long time ago,1257 AD,10144 AD,5723 AD,1257 AD,15,7,Keep,
271,misc,the answer times the answer is 1,1,4,9,1,32,1,Keep,
272,misc,the first letter of the sixth word,s,w,t,s,34,1,Keep,
273,misc,the second letter in this sentence,h,s,e,h,34,1,Keep,
274,misc,they call this a full stop in the UK,.,?,-,.,36,1,Keep,
275,misc,"the answer is not ""funny"" or ""ironic""",yes,ironic,funny,yes,37,3,Keep,
276,misc,"A=B and B=C, so the answer is ""D""",D,B,banana,D,33,1,Keep,
277,misc,"spell ""backwards"" forwards",backwards,sdrawkcab,sdrawrof,backwards,26,9,Keep,
278,misc,heavier than you,775 kg,775 g,775 mg,775 kg,16,6,Keep,
279,misc,"""what"" is a ___ letter word",four,three,one,four,27,4,Keep,
280,misc,the second letter of the second word,e,s,o,e,36,1,Keep,
281,misc,"the answer is ""straight forward""",straight forward,stick,banana,straight forward,32,16,Keep,
282,misc,single people are ___,single,double,triple,single,21,6,Keep,
283,misc,you use this in a handshake,hand,thermometer,giraffe,hand,27,4,Keep,
284,misc,resistance against the machines is ___,futile,don't pick this,don't pick this,futile,38,6,Keep,
285,misc,not one of your relatives,your shoe,your father,your grandmother,your shoe,25,9,Keep,
286,misc,shouldn't wear these on your feet,hats,socks,shoes,hats,33,4,Keep,
287,misc,artificial sweetner,sucralose,fructose,dextrose,sucralose,19,9,Light edit,"typo: ""sweetner"" → ""sweetener"""
288,misc,a standard 52-card deck has ___ cards,52,44,145,52,37,2,Keep,
289,misc,not a card game,polo,solitaire,bridge,polo,15,4,Keep,
290,misc,probability of an impossible event,0/1,1/2,1/1,0/1,34,3,Keep,
291,misc,0.5 can also be expressed as ___,1/2,2/1,1.2,1/2,32,3,Keep,
292,misc,can't find this letter in this sentence,m,l,d,m,39,1,Keep,
293,misc,"spell ""forwards"" backwards",sdrawrof,swardrof,sdrowarf,sdrawrof,26,8,Keep,
294,misc,a half-court shot is worth 3 points in ___,basketball,football,hockey,basketball,42,10,Keep,
295,misc,no penalty shots in ___,basketball,soccer,hockey,basketball,23,10,Keep,
296,misc,no yellow cards in ___,baseball,soccer,volleyball,baseball,22,8,Keep,
297,misc,Union of European Football Associations,UEFA,FIFA,NFL,UEFA,39,4,Keep,
298,misc,illegal on most commercial flights,smoking,moonwalking,yawning,smoking,34,7,Keep,
299,misc,"don't pick ""your nose""",seriously,your nose,your nose,seriously,22,9,Keep,
300,misc,"pick ""your nose""",your nose,don't do it,so impolite,your nose,16,9,Keep,
301,misc,pick the largest even number,37752,88649,22286,37752,28,5,Keep,
302,misc,pick the smallest odd number,913,912,904,913,28,3,Keep,
303,misc,3 seconds is ___ minutes,0.05,0.20,0.5,0.05,24,4,Keep,
304,misc,252 seconds is ___ minutes,4.2,3.8,4.42,4.2,26,3,Keep,
305,misc,your father's mother's granddaughter,your sister,your mother,your daughter,your sister,36,11,Keep,
306,misc,the number of letters in this sentence,32,81,16,32,38,2,Keep,
307,misc,"born in April, your sign can't be ___",Virgo,Aries,Taurus,Virgo,37,5,Keep,
308,misc,this month is 31 days long,October,February,March,October,26,7,Light edit,swap distractor option3: March → September (March also has 31 days)
309,misc,an Italian dish with rice,risotto,salame,ciabatta,risotto,25,7,Keep,
310,misc,an Italian dish with pasta,ravioli,risotto,gelato,ravioli,26,7,Keep,
311,misc,an Japanese dish with rice,onigiri,sashimi,tempura,onigiri,26,7,Light edit,"typo: ""an Japanese"" → ""a Japanese"""
312,misc,Japanese art of paper folding,origami,organism,originy,origami,29,7,Keep,
313,misc,traditional Japanese puppet theater,banruki,kabuki,satsuma,banruki,35,7,Light edit,"typo: option1 ""banruki"" → ""bunraku"" (actual Japanese puppet theater word)"
314,misc,traditional Japanese theater,kabuki,miko,kansai,kabuki,28,6,Keep,
315,misc,10 plus the number of ears on three dogs,16,4,24,16,40,2,Keep,
316,misc,4 minus the number of states in the USA,-46,-54,-55,-46,39,3,Keep,
317,misc,33 plus the the number choices available,36,30,35,36,40,2,Light edit,"phrasing: ""33 plus the the number choices available"" → ""33 plus the number of choices available"""
318,misc,"number of letter ""e""s in this sentence",7,6,11,7,38,1,Keep,
319,misc,"pick 1, 2, 6, or 4",6,5,8,6,18,1,Keep,
320,misc,you can read the correct answer out loud,yes,,,yes,40,3,Keep,
321,misc,German automobile manufacturer,Smart,Buick,Pontiac,Smart,30,5,Keep,
322,misc,an odd number times two,6,4,16,6,23,1,Keep,
323,misc,an even number times two,16,22,39,16,24,2,Keep,
324,misc,has more gravity than the others,earth,ear,elephant,earth,32,5,Keep,
325,misc,fifth month of the year,May,April,March,May,23,3,Keep,
326,misc,a young goat is called a ___,kid,goatee,meat,kid,28,3,Keep,
327,misc,"can't spell ""slaughter"" without ___",laughter,dime,moon,laughter,35,8,Keep,
328,misc,the answer has letters,false,80075,;__;,false,22,5,Keep,
329,misc,this sentence doesn't have the letter ___,m,n,v,m,41,1,Keep,
330,misc,a computer programming language,python,snake,MnM++,python,31,6,Keep,
331,misc,you start with ___ in Arcade mode,60 seconds,45 seconds,90 seconds,60 seconds,33,10,Light edit,"concept-replace: prompt ""you start with ___ in Arcade mode"" → ""you start with ___ in Quickmatch"" (retired-mode reference; matches questions.ts:338 fix from session 11)"
332,misc,you start with ___ in Classic mode,0 points,80 seconds,6 choices,0 points,34,8,Light edit,"concept-replace: prompt ""you start with ___ in Classic mode"" → ""you start with ___ in Daily Race"" (retired-mode reference; matches questions.ts:339 fix from session 11)"
333,misc,you have ___ seconds left,less than 100,more than 300,442,less than 100,25,13,Keep,
334,misc,612 seconds is ___ minutes,10.2,11.8,10.12,10.2,26,4,Keep,
335,misc,99 minutes is ___ seconds,5940,6000,5994,5940,25,4,Keep,
336,misc,1156.3 minutes is ___ minutes,1156.3,19.27,69372,1156.3,29,6,Keep,
337,misc,this is usually round,a bowling ball,a box,a shark,a bowling ball,21,14,Keep,
338,misc,the classical smiley face,:),;>,+<:B,:),25,2,Keep,
339,misc,your dog's biological child could be ___,your puppy,your cat,your mother,your puppy,40,10,Keep,
340,misc,the answer has no letters,321895419,21341L2B3,4144A4B88,321895419,25,9,Keep,
341,misc,you can have no memory of ___,tomorrow,two weeks ago,yesterday,tomorrow,29,8,Keep,
342,misc,this question has ___ when completed,seven words,twenty five letters,sixteen syllables,seven words,36,11,Keep,
343,misc,this question doesn't have the letter ___,c,i,v,c,41,1,Keep,
344,misc,a person who plays the drums,drummer,guitarist,loser,drummer,28,7,Keep,
345,misc,you have found the secret question,correct,don't pick this,don't pick this,correct,34,7,Keep,
346,misc,this month is 30 days long,June,July,August,June,26,4,Keep,
347,misc,this question has a ___,correct answer,number in it,capital letter,correct answer,23,14,Keep,
348,misc,777 weeks is ___ days,5439,111,11,5439,21,4,Keep,
349,misc,the first letter of the first word,t,f,l,t,34,1,Keep,
350,misc,the Indian Ocean is ___,wet,in Indiana,a lake,wet,23,3,Keep,
351,word,Speaking two languages,bilingual,bicentennial,biennial,bilingual,22,9,Light edit,"capitalization: ""Speaking"" → ""speaking"" (match corpus lowercase prompt voice)"
352,word,"Make a word using  ""l, o, c, o""",cool,lock,loot,cool,31,4,Keep,
353,word,"Make a word using  ""t, a, l, e, s""",steal,later,steel,steal,34,5,Keep,
354,word,"Make a word using  ""l, i, v, e""",evil,life,vein,evil,31,4,Keep,
355,word,"Make a word using  ""s, t, e, e, r""",reset,setter,stream,reset,34,5,Keep,
356,word,"Make a word using  ""t, e, r, r, a, i, n""",trainer,narrate,retained,trainer,40,7,Keep,
357,word,"Make a word using   ""e, l, m, o""",mole,loom,mall,mole,32,4,Light edit,"whitespace: triple-space outlier ""Make a word using   \""e, l, m, o\"""" → ""make a word using \""e, l, m, o\"""" (also folds into Q352–Q386 global sweep)"
358,word,"Make a word using  ""g, a, r, d, e, n""",danger,gender,ranger,danger,37,6,Keep,
359,word,"Make a word using  ""c, a, t, e, r, e, d""",reacted,creator,crated,reacted,40,7,Keep,
360,word,"make a word using  ""r, e, d, a, c, t""",carted,catered,trapped,carted,37,6,Keep,
361,word,"make a word using  ""t, h, e, s, e""",sheet,shirts,tease,sheet,34,5,Keep,
362,word,"make a word using  ""i, t, e, m, s""",emits,timed,mints,emits,34,5,Keep,
363,word,"make a word using  ""g, r, o, w, n""",wrong,growl,nordic,wrong,34,5,Light edit,"swap distractor option3: nordic → brawl (BRAWL not buildable from g,r,o,w,n — clean fail-state distractor)"
364,word,"make a word using  ""s, e, c, r, e, t""",erects,reacts,streak,erects,37,6,Keep,
365,word,"make a word using  ""s, e, r, v, a, n, t""",taverns,ventures,serpents,taverns,40,7,Keep,
366,word,"make a word using  ""s, i, l, e, n, c, e""",license,slices,sincere,license,40,7,Keep,
367,word,"make a word using  ""l, e, t, t, e, r, s""",settler,street,shelters,settler,40,7,Keep,
368,word,"make a word using  ""s, u, p, e, r""",purse,repulse,reuse,purse,34,5,Keep,
369,word,"make a word using  ""c, h, e, a, t""",teach,techie,reach,teach,34,5,Keep,
370,word,"make a word using  ""p, i, e, c, e, s""",specie,pisces,stencil,specie,37,6,Keep,
371,word,"make a word using  ""r, e, s, i, d, e, d """,desired,derided,esquire,desired,41,7,Light edit,"typo: trailing space inside letter list option1 ""r, e, s, i, d, e, d "" → ""r, e, s, i, d, e, d"""
372,word,"make a word using  ""m, i, l, e, s""",smile,slide,davis,smile,34,5,Keep,
373,word,"make a word using  ""a, b, c, s""",cabs,bash,caps,cabs,31,4,Keep,
374,word,"make a word using  ""d, e, m, o""",mode,done,mood,mode,31,4,Keep,
375,word,"make a word using  ""s, h, o, t, g, u, n""",gunshot,showdown,nought,gunshot,40,7,Keep,
376,word,"make a word using  ""t, e, a, r, s""",stare,street,reality,stare,34,5,Keep,
377,word,"make a word using  ""m, i, r, a, c, l, e""",reclaim,circular,claimed,reclaim,40,7,Keep,
378,word,"make a word using  ""d, a, i, r, y""",diary,rivaled,dearly,diary,34,5,Keep,
379,word,"make a word using  ""a, l, o, r, s""",solar,royal,lasso,solar,34,5,Keep,
380,word,"make a word using  ""s, t, r, e, a, m, s""",masters,matters,stressed,masters,40,7,Keep,
381,word,"make a word using  ""m, a, t, t, r, e, s, s""",smartest,mastered,stardom,smartest,43,8,Keep,
382,word,"make a word using  ""s, l, i, g, h, t""",lights,tilted,guilds,lights,37,6,Keep,
383,word,"make a word using  ""r, i, d, e, r""",drier,driven,redeem,drier,34,5,Keep,
384,word,"make a word using  ""c, o, d, e, r, e, d""",decoder,recorded,cornered,decoder,40,7,Keep,
385,word,"make a word using  ""n, e, o""",one,ion,glitch,one,28,3,Keep,
386,word,"make a word using  ""e, n, t, r, a, p""",parent,pertinent,tamper,parent,37,6,Keep,
387,word,"means ""clear""",transparent,sky,invade,transparent,13,11,Keep,
388,word,"means ""far""",remote,driven,reach,remote,11,6,Keep,
389,word,"means ""guide""",lead,book,stream,lead,13,4,Keep,
390,word,"means ""start""",begin,action,fresh,begin,13,5,Keep,
391,word,"means ""chase""",pursuit,catch,grab,pursuit,13,7,Keep,
392,word,"means ""fall""",autumn,slide,under,autumn,12,6,Keep,
393,word,"means ""fire""",shoot,pain,phaser,shoot,12,5,Keep,
394,word,"means ""credible""",believable,borrowed,appropriate,believable,16,10,Keep,
395,word,"means ""fatal""",lethal,disappear,abrupt,lethal,13,6,Keep,
396,word,"means ""dull""",boring,motionless,locked,boring,12,6,Keep,
397,word,"opposite of ""enemy""",ally,defeat,virtue,ally,19,4,Keep,
398,word,"opposite of ""aware""",ignorant,open,neutral,ignorant,19,8,Keep,
399,word,"opposite of ""negative""",positive,inanimate,arguable,positive,22,8,Keep,
400,word,"opposite of ""keep""",give away,hold on,fort,give away,18,9,Keep,
401,word,"opposite of ""quiet""",noisy,nose,normal,noisy,19,5,Keep,
402,word,"opposite of ""accelerate""",decelerate,decapitate,devastate,decelerate,24,10,Keep,
403,word,one does not belong,terminator,dog,cat,terminator,19,10,Keep,
404,word,one does not belong,pear,celery,lettuce,pear,19,4,Keep,
405,word,one does not belong,grandmother,father,uncle,grandmother,19,11,Keep,
406,word,one does not belong,Michael Jackson,Justin Timberlake,Justin Bieber,Michael Jackson,19,15,Keep,
407,word,one does not belong,bacon,brussels sprout,broccoli,bacon,19,5,Light edit,"distractor capitalize: option2 ""brussels sprout"" → ""Brussels sprout"" (proper noun)"
408,word,one does not belong,jimmy page,john rambo,james bond,jimmy page,19,10,Light edit,"capitalize all 3 distractors: jimmy page/john rambo/james bond → Jimmy Page/John Rambo/James Bond (proper nouns, same as Q239 precedent)"
409,word,one does not belong,awesomeness,gluttony,wrath,awesomeness,19,11,Keep,
410,word,one does not belong,one,44,66,one,19,3,Keep,
411,word,one does not belong,ratmouse,batman,catwoman,ratmouse,19,8,Keep,
412,word,one does not belong,submarine,cruiser,destroyer,submarine,19,9,Keep,
413,word,one does not belong,it's this one,not this,not this,it's this one,19,13,Keep,
414,word,"means ""exaggeration""",overstatement,underline,point,overstatement,20,13,Keep,
415,word,"means ""amazing""",astonishing,explosive,shiny,astonishing,15,11,Keep,
416,word,"means ""fearless""",brave,scared,sneaky,brave,16,5,Keep,
417,word,"means ""stop""",halt,hammertime,slow,halt,12,4,Keep,
418,word,"means ""display""",show,flat,open,show,15,4,Keep,
419,word,"means ""scheme""",plan,play,theme,plan,14,4,Keep,
420,word,"means ""catastrophe""",calamity,punishment,corpse,calamity,19,8,Keep,
421,word,"means ""important""",significant,sound,precise,significant,17,11,Keep,
422,word,"means ""finite""",limited,inventory,endless,limited,14,7,Keep,
423,word,"means ""unique""",singular,minimal,precise,singular,14,8,Keep,
424,word,"means ""altered""",changed,punished,seen,changed,15,7,Keep,
425,word,"means ""conserve""",save,spend,speak,save,16,4,Keep,
426,word,"means ""converse""",talk,save,change,talk,16,4,Keep,
427,word,"means ""diction""",articulation,arthritis,artichoke,articulation,15,12,Keep,
428,word,"means ""fluent""",articulate,driven,artistry,articulate,14,10,Keep,
429,word,"means ""speedy""",fast,quirky,timeless,fast,14,4,Keep,
430,word,"means ""trustworthy""",reliable,relinquished,resentful,reliable,19,8,Keep,
431,word,"means ""defend""",protect,attack,trap,protect,14,7,Keep,
432,word,"means ""liberated""",free,fiery,fried,free,17,4,Keep,
433,word,"means ""useful""",beneficial,wasteful,new,beneficial,14,10,Keep,
434,word,"means ""hazardous""",dangerous,cloudy,deceased,dangerous,17,9,Keep,
435,word,"opposite of ""lifeless""",alive,quick,passive,alive,22,5,Keep,
436,word,"opposite of ""boring""",exciting,fiery,massive,exciting,20,8,Keep,
437,word,"opposite of ""hard""",easy,stiff,bare,easy,18,4,Keep,
438,word,"opposite of ""hostile""",friendly,smile,passionate,friendly,21,8,Keep,
439,word,"opposite of ""aggresive""",calm,sleepy,irritated,calm,23,4,Light edit,"typo: prompt ""aggresive"" → ""aggressive"""
440,word,"opposite of ""long""",abridged,enduring,stretching,abridged,18,8,Keep,
441,word,"opposite of ""smile""",frown,stare,sneeze,frown,19,5,Keep,
442,word,"opposite of ""rich""",poor,taxed,citizen,poor,18,4,Keep,
443,word,"opposite of ""last""",first,short,fun,first,18,5,Keep,
444,word,"opposite of ""give""",take,red pill,now,take,18,4,Light edit,"distractor swap: option2 ""red pill"" → ""me"" (red pill has gained political/manosphere meaning since 2012)"
445,word,"opposite of ""accept""",refuse,hold,included,refuse,20,6,Keep,
446,word,"opposite of ""always""",never,random,limitless,never,20,5,Keep,
447,word,"opposite of ""calm""",excited,bounced,elevator,excited,18,7,Keep,
448,word,"opposite of ""find""",lose,feel,drop,lose,18,4,Keep,
449,word,"opposite of ""maximum""",minimum,optimum,uber,minimum,21,7,Keep,
450,word,second line of a haiku has ___,7 syllables,13 syllables,5 syllables,7 syllables,30,11,Keep,
451,word,a constructed international language,esperanto,kebasish,chicat,esperanto,36,9,Light edit,"capitalize answer: ""esperanto"" → ""Esperanto"" (language name)"
452,word,first line of a haiku has ___,5 syllables,10 syllables,7 syllables,5 syllables,29,11,Keep,
453,word,"rhymes with ""crime""",prime,scream,figure,prime,19,5,Keep,
454,word,"rhymes with ""faster""",master,care,nostril,master,20,6,Keep,
455,word,"rhymes with ""blue""",glue,flee,fruit,glue,18,4,Keep,
456,word,"rhymes with ""awesome""",possum,cushion,dreamer,possum,21,6,Keep,
457,word,"rhymes with ""read""",feed,creep,steep,feed,18,4,Keep,
458,word,"rhymes with ""fruit""",suit,seed,salt,suit,19,4,Keep,
459,word,"rhymes with ""claim""",blame,charm,smile,blame,19,5,Keep,
460,word,"rhymes with ""bliss""",kiss,fist,stressed,kiss,19,4,Keep,
461,word,"rhymes with ""face""",space,boss,moose,space,18,5,Keep,
462,word,"rhymes with ""chair""",stare,fail,brains,stare,19,5,Keep,
463,word,"rhymes with ""style""",while,crime,kanye,while,19,5,Light edit,"distractor swap: option3 ""kanye"" → ""brake"" (avoid Kanye reference)"
464,word,"rhymes with ""grace""",trace,fries,ella,trace,19,5,Light edit,"capitalize distractor: option3 ""ella"" → ""Ella"" (proper noun, Ella Fitzgerald)"
465,word,"rhymes with ""smarts""",hearts,maces,nerds,hearts,20,6,Keep,
466,word,"rhymes with ""prime""",crime,line,pristine,crime,19,5,Light edit,"distractor swap: option2 ""line"" → ""lemon"" (cleaner non-rhyme distractor; line was a half-rhyme)"
467,word,"rhymes with ""rap""",tap,slack,snoop,tap,17,3,Light edit,"distractor swap: option3 ""snoop"" → ""kendrick"" (lowercase per CD voice call)"
468,word,"contains the letters ""r, t, m""",rhythm,trapped,realm,rhythm,30,6,Keep,
469,word,"contains the letters ""b, r, v""",beverage,brain,revered,beverage,30,8,Keep,
470,word,"contains the letters ""i, s, d""",disdain,significant,delightful,disdain,30,7,Keep,
471,word,"contains the letters ""u, a, n""",annual,underline,unwind,annual,30,6,Keep,
472,word,"contains the letters ""i, r, c""",crime,record,creepy,crime,30,5,Keep,
473,word,"contains the letters ""t, e, a""",reality,esteem,artistic,reality,30,7,Keep,
474,word,"contains the letters ""m, l, n""",lemon,smile,linear,lemon,30,5,Keep,
475,word,"contains the letters ""d, r, e""",eradicate,excruciating,delighted,eradicate,30,9,Keep,
476,word,"contains the letters ""y, i, n""",rainy,frankly,nyan,rainy,30,5,Keep,
477,word,"contains the letters ""b, u, t""",tub,tap,bun,tub,30,3,Keep,
478,word,"contains the letters ""g, r, n""",wrong,gone,ripping,wrong,30,5,Light edit,"distractor swap: option3 ""ripping"" → ""carbon"" (RIPPING also contained g/r/n — bug; CARBON has r/n/no g)"
479,word,"contains the letters ""t, r, l""",retail,troy,light,retail,30,6,Keep,
480,word,"contains the letters ""l, s, r""",resale,retain,sorry,resale,30,6,Keep,
481,word,"contains the letters ""t, i, f""",fifty,three,fine,fifty,30,5,Keep,
482,word,"contains the letters ""m, n, g""",gaming,ginger,menace,gaming,30,6,Keep,
483,word,"contains the letters ""m, t, r""",terminate,remembered,ricochet,terminate,30,9,Keep,
484,word,"contains the letters ""l, f, n""",nullify,fitness,laughter,nullify,30,7,Keep,
485,word,a word with no vowels,rhythm,slight,trouble,rhythm,21,6,Keep,
486,word,a word with one vowel,wrong,fear,anguish,wrong,21,5,Keep,
487,word,a word with two vowels,fire,cut,spiteful,fire,22,4,Keep,
488,word,a one syllable word,strength,fearless,charger,strength,19,8,Keep,
489,word,a two syllable word,limit,fight,cat,limit,19,5,Keep,
490,word,"contraction of ""you are""",you're,your,yogurt,you're,24,6,Keep,
491,word,"contraction of ""there is""",there's,theirs,theresa,there's,25,7,Keep,
492,word,"plural of ""you""",you,they,we,you,15,3,Keep,
493,word,"plural of ""sheep""",sheep,sheeps,herd,sheep,17,5,Keep,
494,word,"plural of ""plurality""",pluralities,plutorallies,plurals,pluralities,21,11,Keep,
495,word,"plural of ""ball""",balls,ballies,balles,balls,16,5,Keep,
496,word,"plural of ""goose""",geese,gooses,gooster,geese,17,5,Keep,
497,word,"singular of ""mice""",mouse,moose,mices,mouse,18,5,Keep,
498,word,"singular of ""dice""",die,douse,dices,die,18,3,Keep,
499,word,"the letter missing from ""foregn""",i,h,y,i,32,1,Keep,
500,word,"the letter missing from ""stret""",e,r,n,e,31,1,Keep,
501,word,a young goat is called a ___,kid,boy,goatee,kid,28,3,Light edit,"concept-replace: prompt ""a young goat is called a ___"" → ""a group of goats is called a ___""; options herd/bulls/block; answer herd (Q326 already covered ""young goat"" with funnier ""meat"" distractor — rewrite to test groups instead of individuals)"
502,word,a group of crows is called a ___,murder,massacre,nightmare,murder,32,6,Keep,
503,word,a female deer is called a ___,doe,jane,dear,doe,29,3,Keep,
504,word,a male llama is called a ___,llama,spitter,nazgul,llama,28,5,Keep,
505,word,a male moose is called a ___,bull,cow,mouse,bull,28,4,Keep,
506,word,"contains the letters ""t, i, l""",application,subliminal,promotion,application,30,11,Keep,
507,word,"contains the letters ""c, d, i""",idyllic,candle,decompose,idyllic,30,7,Keep,
508,word,"contains the letters ""e, w, a""",whatever,whoever,wherever,whatever,30,8,Keep,
509,word,"make a word using  ""l, e, a, d, e, r""",dealer,ladder,realtor,dealer,37,6,Keep,
510,word,"make a word using  ""l, i, s, t, e, n""",silent,thistle,simple,silent,37,6,Keep,
511,word,"make a word using  ""a, d, m, i, r, e, r""",married,dreamer,mirrored,married,40,7,Keep,
512,word,"make a word using  ""m, a, s, t, e, r""",stream,steer,stared,stream,37,6,Keep,
513,word,"make a word using  ""s, t, e, a, l""",least,stare,later,least,34,5,Keep,
514,word,"make a word using  ""s, h, a, p, e""",phase,haters,heals,phase,34,5,Keep,
515,word,"rhymes with ""diner""",minor,mordor,figured,minor,19,5,Keep,
516,word,"make a word using  ""c, i, r, c, l, e""",cleric,critical,circus,cleric,37,6,Keep,
517,word,"means ""hidden""",concealed,displayed,apart,concealed,14,9,Keep,
518,word,"means ""help""",assist,cry,push,assist,12,6,Keep,
519,word,"means ""similar""",akin,exact,mirror,akin,15,4,Keep,
520,word,"means ""stable""",firm,ground,peaceful,firm,14,4,Keep,
521,word,"means ""immortal""",deathless,highlander,strong,deathless,16,9,Keep,
522,word,a palindrome,rotator,delivered,detected,rotator,12,7,Keep,
523,word,a palindrome,now I won,name the man,is this it,now I won,12,9,Keep,
524,word,a palindrome,evil olive,do not nod,smart kids,evil olive,12,10,Keep,
525,word,a palindrome,my gym,technologic,seven stars,my gym,12,6,Keep,
526,music,king of pop,Michael Jackson,Madonna,Lady Gaga,Michael Jackson,11,15,Keep,
527,music,king of rock and roll,Elvis Presley,Nickelback,Rihanna,Elvis Presley,21,13,Keep,
528,music,"he composed ""The Four Seasons""",A. Vivaldi,W. Mozart,Dr. Dre,A. Vivaldi,30,10,Keep,
529,music,an 80s hit song,Take On Me,Kill The Batboy,Halftime,Take On Me,15,10,Keep,
530,music,an 80s hit song,Under Pressure,Under Ice,Under Fire,Under Pressure,15,14,Keep,
531,music,a 70s hit song,Dancing Queen,Dancing Mice,Dancing Heat,Dancing Queen,14,13,Keep,
532,music,a 70s hit song,Imagine,Cruel summer,Vogue,Imagine,14,7,Keep,
533,music,French singer and cultural icon,Edith Piaf,Nicolas Sarkozy,Asterix,Edith Piaf,31,10,Light edit,"distractor swap: option2 ""Nicolas Sarkozy"" → ""Audrey Tautou"" (Sarkozy is a fading 2007–2012 political reference; Tautou is the cleaner French cultural icon — Amélie 2001 brand-permanent, unambiguously not a singer, no awkward Piaf overlap)"
534,music,a 90s hit song,One,Let It B,Imagine,One,14,3,Keep,
535,music,a 60s hit song,She Loves You,She Loves It,Who Loves Her,She Loves You,14,13,Keep,
536,music,a 60s hit song,It's Not Unusual,Usually Not,Nothing Usual,It's Not Unusual,14,16,Keep,
537,music,a song by Frank Sinatra,My Way,Let's Go New York,"Whatever, yo",My Way,23,6,Keep,
538,music,a song by Madonna,Vogue,Let It Be,Bad,Vogue,17,5,Keep,
539,music,a song by Michael Jackson,Beat It,Mad World,Pity Yourself,Beat It,25,7,Keep,
540,music,a song by Elvis Presley,Heartbreak Hotel,Satistfaction,Respect,Heartbreak Hotel,23,16,Light edit,"typo: distractor option2 ""Satistfaction"" → ""Satisfaction"""
541,music,a member of Dave Matthews Band,Dave Matthews,Dave Grohl,Dave Mustaine,Dave Matthews,30,13,Keep,
542,music,a song by The Beatles,Hey Jude,Hey Baby,Hey Girl,Hey Jude,21,8,Keep,
543,music,a song by Justin Bieber,Never Say Never,Burn It All,Bad Pop,Never Say Never,23,15,Light edit,"concept-replace: prompt ""a song by Justin Bieber"" → ""a song by Taylor Swift""; answer ""Never Say Never"" → ""Shake It Off"" (durability — Swift more durable than Bieber, Shake It Off is her most brand-permanent track)"
544,music,a song by Queen,Killer Queen,Conformist Rhapsody,We Rock It,Killer Queen,15,12,Keep,
545,music,a song by Abba,Dancing Queen,Mia Mia,One of Them,Dancing Queen,14,13,Keep,
546,music,a song by Pink Floyd,Money,Lies,Happiness,Money,20,5,Keep,
547,music,a song by Metallica,Fade to Black,Gears of War,Madhouse,Fade to Black,19,13,Keep,
548,music,lead vocalist of Queen,Freddie Mercury,Dave Mustaine,Barry Gibb,Freddie Mercury,22,15,Keep,
549,music,lead vocalist of Led Zeppelin,Robert Plant,Jenny Page,John Bonham,Robert Plant,29,12,Keep,
550,music,lead vocalist of Blondie,Debbie Harry,Justin Bieber,Madonna,Debbie Harry,24,12,Keep,
551,music,famous jazz trumpeter,Miles Davis,Ella Fitzgerald,Max Roach,Miles Davis,21,11,Keep,
552,music,famous jazz singer,Etta James,Etta Candy,Etta May,Etta James,18,10,Keep,
553,music,famous jazz singer,Ella Fitzgerald,Debbie Harry,Chad Kroeger,Ella Fitzgerald,18,15,Keep,
554,music,famous jazz singer,Louis Armstrong,Luiz Armstrong,Louise Armstrong,Louis Armstrong,18,15,Keep,
555,music,"he composed ""The Nutcracker""",P. Tchaikovsky,F. Mercury,J. Haydn,P. Tchaikovsky,28,14,Keep,
556,music,famous rapper,Jay Z,May C,Kay T,Jay Z,13,5,Light edit,"punctuation: hyphenate all options for visual consistency — answer ""Jay Z"" → ""Jay-Z"" (canonical stage name); distractors ""May C""/""Kay T"" → ""May-C""/""Kay-T"" (wordplay rhymes)"
557,music,famous guitarist,Eric Clapton,Richard Roll,Lars Ulrich,Eric Clapton,16,12,Keep,
558,music,famous guitarist,David Gilmour,David Beckham,David Hume,David Gilmour,16,13,Keep,
559,music,famous guitarist,Jimmy Page,Lars Umlaut,Johnny Napalm,Jimmy Page,16,10,Keep,
560,music,British rock band,Oasis,Desert,Water,Oasis,17,5,Keep,
561,music,Canadian rock band,Nickelback,The Worsts,Burn 'em,Nickelback,18,10,Keep,
562,music,German rock band,Rammstein,Rich Rohl,Madson,Rammstein,16,9,Keep,
563,music,Australian rock band,AC/DC,DC/AC,AD/HD,AC/DC,20,5,Keep,
564,music,British singer,Chris Martin,D. Hubbins,J. Clement,Chris Martin,14,12,Keep,
565,music,part of the Woodstock '69 line-up,Santana,Led zeppelin,The beatles,Santana,33,7,Light edit,"capitalize distractors: option2 ""Led zeppelin"" → ""Led Zeppelin""; option3 ""The beatles"" → ""The Beatles"""
566,music,"he composed ""The Barber of Seville""",G. Rossini,I. Padrino,M. Donna,G. Rossini,35,10,Keep,
567,music,an album by The Beatles,The Beatles,Black Hole,New Grounds,The Beatles,23,11,Keep,
568,music,an album by Pearl Jam,Ten,Book of Faces,Your Space,Ten,21,3,Keep,
569,music,"""Hotel California"" is a song by ___",Eagles,Bee Gees,The Beach Boys,Eagles,35,6,Keep,
570,music,"""Bohemian Rhapsody"" is a song by ___",Queen,Kings of Leon,Megadeth,Queen,36,5,Keep,
571,music,"""Smells Like Teen Spirit"" is a song by ___",Nirvana,Van halen,Bon Jovi,Nirvana,42,7,Light edit,"capitalize distractor: option2 ""Van halen"" → ""Van Halen"""
572,music,"""London Calling"" is a song by ___",The Clash,The Police,The Telephone,The Clash,33,9,Keep,
573,music,famous J-Pop artist,Hikaru Utada,Ichiro Suziki,Hayao Miyazaki,Hikaru Utada,19,12,Light edit,"typo: distractor option2 ""Ichiro Suziki"" → ""Ichiro Suzuki"""
574,music,"""No Woman No Cry"" is a song by ___",Bob Marley,Buddy Holly,Aerosmith,Bob Marley,34,10,Light edit,"punctuation: prompt title ""No Woman No Cry"" → ""No Woman, No Cry"" (canonical comma)"
575,music,"""Born To Be Wild"" is a song by ___",Steppenwolf,Jimi Hendrix,Johnny Cash,Steppenwolf,34,11,Keep,
576,movies,won an Oscar in 1998,Gywneth Paltrow,Meryl Streep,Tom Hanks,Gywneth Paltrow,20,15,Light edit,"typo: answer ""Gywneth Paltrow"" → ""Gwyneth Paltrow"""
577,movies,won an Oscar in 2005,George Clooney,Joaquin Phoenix,Felicity Huffman,George Clooney,20,14,Keep,
578,movies,won an Oscar in 1966,Elizabeth Taylor,Jack Nicholson,Michael Caine,Elizabeth Taylor,20,16,Keep,
579,movies,won an Oscar in 2008,Sean Penn,Brad Pitt,Meryl Streep,Sean Penn,20,9,Keep,
580,movies,won the Best Actor Oscar in 1975,Jack Nicholson,Al Pacino,Yul Brynner,Jack Nicholson,32,14,Keep,
581,movies,won the Best Actor Oscar in 1954,Marlon Brando,Al Pacino,Gene Hackman,Marlon Brando,32,13,Keep,
582,movies,starred in The Lord Of The Rings,Elijah Wood,Meryl Streep,Ron Perlman,Elijah Wood,32,11,Keep,
583,movies,never played Superman,Brad Pitt,Christopher Reeve,Brandon Routh,Brad Pitt,21,9,Keep,
584,movies,starred along Tom Cruise,Val Kilmer,Al Pacino,Tommy Lee Jones,Val Kilmer,24,10,Keep,
585,movies,starred along Anthony Hopkins,Jodie Foster,Wesley Snipes,Kevin Bacon,Jodie Foster,29,12,Keep,
586,movies,starred along Julia Roberts,Richard Gere,Chris Rock,Johnny Depp,Richard Gere,27,12,Keep,
587,movies,fictional character also known as Smeagol,Gollum,Precious Sam,Darth Frodo,Gollum,41,6,Keep,
588,movies,not a Sith Lord,Darth Saber,Darth Vader,Darth Maul,Darth Saber,15,11,Keep,
589,movies,a Sith Lord,Darth Sidious,Darth Mouth,Darth Thrash,Darth Sidious,11,13,Keep,
590,movies,never played James Bond,Michael Jackson,Sean Connery,Pierce Brosnon,Michael Jackson,23,15,Light edit,"typo: distractor option3 ""Pierce Brosnon"" → ""Pierce Brosnan"""
591,movies,fictional robot from the future,The Terminator,Vin Diesel,Casper,The Terminator,31,14,Keep,
592,movies,fat kid in South Park,Eric Cartman,Big Bones,Bart Simpson,Eric Cartman,21,12,Keep,
593,movies,Homer's last name in The Simpsons,Simpson,Simpsons,Simpleton,Simpson,33,7,Keep,
594,movies,Woody Allen wrote and directed ___,Annie Hall,Antz,Animal House,Annie Hall,34,10,Keep,
595,movies,never won an Oscar,Will Smith,Meryl Streep,Cuba Gooding Jr.,Will Smith,18,10,Light edit,"concept-replace: answer ""Will Smith"" → ""Tom Cruise"" (Will Smith won Best Actor 2022 for King Richard, so ""never won an Oscar"" answer is now wrong; Tom Cruise is the most brand-recognizable still-Oscarless actor)"
596,movies,The Terminator tries to terminate ___,John Connor,John Nash,Edward Cullen,John Connor,37,11,Keep,
597,movies,played Edward Cullen in Twilight,R. Pattinson,B. Shame,U. Madbrough,R. Pattinson,32,12,Keep,
598,movies,Rocky II takes place in ___,Philadelphia,Moscow,Rocky Mountains,Philadelphia,27,12,Keep,
599,movies,Don Corleone's son in The Godfather,Michael,Sergio,Christian,Michael,35,7,Keep,
600,movies,his sword is called Sting,B. Baggins,E. Cullen,J. Bieber,B. Baggins,25,10,Keep,
601,movies,Marcellus Wallace looks like ___,Marcellus Wallace,a lady,Vincent Vega,Marcellus Wallace,32,17,Keep,
602,movies,pick the better actress,Madonna,Jack Nicholson,Al Pacino,Madonna,23,7,Keep,
603,movies,Bruce Wayne is ___,Batman,Hulk,Superman,Batman,18,6,Keep,
604,movies,Clark Kent is ___,Superman,Batman,Aquaman,Superman,17,8,Keep,
605,movies,Luke Skywalker's grandfather's son,Darth Vader,Palpatine,C3P0,Darth Vader,34,11,Keep,
606,math,a minute has ___ seconds,60,10,100,60,24,2,Keep,
607,math,four times twenty plus ten,90,80,110,90,26,2,Keep,
608,math,4+20-14,10,8,14,10,7,2,Keep,
609,math,five times zero times two,0,2,10,0,25,1,Keep,
610,math,4 is ___ times 2,2,4,1,2,16,1,Keep,
611,math,four squared plus four,20,64,48,20,22,2,Keep,
612,math,negative five plus nine,4,-14,-4,4,23,1,Keep,
613,math,zero divided by one,0,1,3141592,0,19,1,Keep,
614,math,1+1+1x0,2,0,1,2,7,1,Keep,
615,math,"the number of letters in ""apple""",5,3,1976,5,32,1,Keep,
616,math,"the number of letters in ""four""",4,5,6,4,31,1,Keep,
617,math,2222+3333,5555,5550,5600,5555,9,4,Keep,
618,math,9.81+0.19,10,11,9.99,10,9,2,Keep,
619,math,4 followed by 0,40,2500,411,40,15,2,Keep,
620,math,9 followed by 1,91,929,199,91,15,2,Keep,
621,math,not an integer,3.4,34,4,3.4,14,3,Keep,
622,math,an integer,8,8.8,8.88,8,10,1,Keep,
623,math,square root of nine,3,81,9,3,19,1,Keep,
624,math,square root of four,2,1,4,2,19,1,Keep,
625,math,three squared plus four,13,9,18,13,23,2,Keep,
626,math,100 in roman numerals,c,k,x,c,21,1,Keep,
627,math,number system with a base of two,binary,decimal,hexadecimal,binary,32,6,Keep,
628,math,number system with a base of ten,decimal,binary,octal,decimal,32,7,Keep,
629,math,3 in base 2,11,33,44,11,11,2,Keep,
630,math,5 in base 2,101,112,1,101,11,3,Keep,
631,math,7 in base 8,7,16,66,7,11,1,Keep,
632,math,88 in base 4,1120,1234,22227,1120,12,4,Keep,
633,math,an octagon has ___ sides,8,4,16,8,24,1,Keep,
634,math,a square has ___ sides,4,3,5,4,22,1,Keep,
635,math,30 divided by 0.5,60,15,45,60,17,2,Keep,
636,math,100 divided by 0.8,125,180,60,125,18,3,Keep,
637,math,99 divided by 0.9,110,121,90,110,17,3,Keep,
638,math,1100 times 1.2,1320,990,1.32,1320,14,4,Keep,
639,math,a billion has ___ zeros,9,8,12,9,23,1,Keep,
640,math,a million has ___ zeros,6,9,12,6,23,1,Keep,
641,math,1+9+7+6,23,1977,19,23,7,2,Keep,
642,math,1+9+9+4,23,24,21,23,7,2,Keep,
643,math,1+9+8+0,18,16,27,18,7,2,Keep,
644,math,number of faces on a cube,6,9,12,6,25,1,Keep,
645,math,number of faces on a cylinder,3,1,271,3,29,1,Keep,
646,math,pi is a(n) ___ number,irrational,rational,delicious,irrational,21,10,Keep,
647,math,8/4/1/2,1,2,4,1,7,1,Keep,
648,math,16/4/2/1,2,4,8,2,8,1,Keep,
649,math,21+42-1,62,66,44,62,7,2,Keep,
650,math,1+2+3+4+5,15,10,21,15,9,2,Keep,
651,math,3-2+1-2+2,2,1,0,2,9,1,Keep,
652,math,4+4+5x0,8,13,18,8,7,1,Keep,
653,math,12+11+13,36,23,39,36,8,2,Keep,
654,math,4999.18-0.18,4999,5000,5001,4999,12,4,Keep,
655,math,seven plus eleven,18,117,19,18,17,2,Keep,
656,math,nine times nine plus eleven,92,100,99,92,27,2,Keep,
657,math,9x8x7x0-5,-5,0,75,-5,9,2,Keep,
658,math,two times zero plus one,1,12,3,1,23,1,Keep,
659,math,5+4+6+10,25,40,24,25,8,2,Keep,
660,math,1+2+4+8,15,13,17,15,7,2,Keep,
661,math,44+66,110,100,120,110,5,3,Keep,
662,math,77+23,100,90,93,100,5,3,Keep,
663,math,111+99,210,200,211,210,6,3,Keep,
664,math,square root of sixteen,4,8,2,4,22,1,Keep,
665,math,cube root of 64,4,16,8,4,15,1,Keep,
666,math,cube root of 125,5,25,15,5,16,1,Keep,
667,math,cube root of 27,3,9,27,3,15,1,Keep,
668,math,the number of months in six years,72,25,6,72,33,2,Keep,
669,math,the number of weeks in a month,4,52,7,4,30,1,Keep,
670,math,the number of days in a week,7,30,12,7,28,1,Keep,
671,math,the number of digits in 456,3,2,1,3,27,1,Keep,
672,math,the number of digits in 4.44,3,2,4,3,28,1,Keep,
673,math,half a dozen times eleven,66,121,77,66,25,2,Keep,
674,math,one less than two,1,3,21,1,17,1,Keep,
675,math,two more than one,3,6,1,3,17,1,Keep,
676,math,a number between 444 and 555,499,577,399,499,28,3,Keep,
677,math,a number between 195 and 333,330,388,169,330,28,3,Keep,
678,math,a number between 75 and 999999,100000,72,2566624,100000,30,6,Keep,
679,math,a number between 1 and 6,5,61,7,5,24,1,Keep,
680,math,a number between 4 and 5,4.5,5.4,3.4,4.5,24,3,Keep,
681,math,88/8/11,1,8,11,1,7,1,Keep,
682,math,25-5-5-5-5,5,0,15,5,10,1,Keep,
683,math,66-65+1x0,1,2,3,1,9,1,Keep,
684,math,51+51+49,151,153,147,151,8,3,Keep,
685,math,14+13+12+11,50,61,40,50,11,2,Keep,
686,math,661-444,217,127,227,217,7,3,Keep,
687,math,91+92-4,179,178,177,179,7,3,Keep,
688,math,911+118,1029,1119,1099,1029,7,4,Keep,
689,math,468+864,1332,1442,1342,1332,7,4,Keep,
690,math,77+99,176,117,177,176,5,3,Keep,
691,math,4.66+1.34,6,6.6,6.67,6,9,1,Keep,
692,math,2012-1982,30,:(,20,30,9,2,Keep,
693,math,99999+1,100000,10000,100001,100000,7,6,Keep,
694,math,16/4x1+1,5,6,7,5,8,1,Keep,
695,math,81+18,99,98,109,99,5,2,Keep,
696,math,the number of months in six months,6,42,12,6,34,1,Keep,
697,math,the average of 6 and 12,9,6,18,9,23,1,Keep,
698,math,"the average of 1, 2 and 3",2,6,3,2,25,1,Keep,
699,math,the average of 8 and 88,48,11,40,48,23,2,Keep,
700,math,the average of 1 and 99,50,49,48,50,23,2,Keep,
701,math,the average of 4 and 100,52,44,72,52,24,2,Keep,
702,math,the average of 2 and 12,7,5,6,7,23,1,Keep,
703,math,the average of 3 and 41,22,19,24,22,23,2,Keep,
704,math,the average of 802 and 208,505,355,555,505,26,3,Keep,
705,math,the average of 111 and 221,166,156,332,166,26,3,Keep,
706,math,five times four times five,100,80,60,100,26,3,Keep,
707,math,499+130,629,529,639,629,7,3,Keep,
708,math,3+3+13-1,18,21,24,18,8,2,Keep,
709,math,2/2/1/1,1,2,0.5,1,7,1,Keep,
710,math,3+1+4,8,9,10,8,5,1,Keep,
711,math,8+5+7-11,9,11,33,9,8,1,Keep,
712,math,4200/300,14,140,144,14,8,2,Keep,
713,math,negative nine plus nineteen,10,9,19,10,27,2,Keep,
714,math,the number of fingers on four hands,20,44,60,20,35,2,Keep,
715,math,negative three squared,9,-3,0,9,22,1,Keep,
716,math,one plus another one,2,1,0,2,20,1,Keep,
717,math,ten divided by half,20,10,0,20,19,2,Keep,
718,math,33/1.1,30,36,11,30,6,2,Keep,
719,math,422+42+4.2,468.2,466.2,486.2,468.2,10,5,Keep,
720,math,10-99-1+100,10,11,89,10,11,2,Keep,
721,math,10-9+8-7,2,0,-2,2,8,1,Keep,
722,math,1.11x300,333,311,133,333,8,3,Keep,
723,math,giga stands for,1 billion,1 million,100 million,1 billion,15,9,Keep,
724,math,total interior angles of a triangle,180,360,270,180,35,3,Keep,
725,math,total interior angles of a square,360,180,480,360,33,3,Keep,
726,math,1 times 2 times 4 times 3,24,12,16,24,25,2,Keep,
727,math,30 multiplied by 0.3,9,90,18,9,20,1,Keep,
728,math,55/11/2x2,5,5.5,11,5,9,1,Keep,
729,math,888-444-44,400,440,396,400,10,3,Keep,
730,math,412+214-1,625,445,665,625,9,3,Keep,
731,math,4.1111-1,3.1111,3.1,4.1111,3.1111,8,6,Keep,
732,math,"the number of letters in ""five""",4,5,9,4,31,1,Keep,
733,math,remainder of 10 divided by 8,2,1,1.25,2,28,1,Keep,
734,math,remainder of 55 divided by 6,1,5,3,1,28,1,Keep,
735,math,remainder of 22 divided by 11,0,2,1,0,29,1,Keep,
736,math,remainder of 99 divided by 44,11,2,5,11,29,2,Keep,
737,math,remainder of 99 divided by 97,2,1,98,2,29,1,Keep,
738,math,Twenty percent of twenty,4,5,10,4,24,1,Keep,
739,math,Forty five percent of 200,90,180,120,90,25,2,Keep,
740,math,33% of 1500,495,500,455,495,11,3,Keep,
741,math,81% of 200,162,188,119,162,10,3,Keep,
742,math,110% of 110,121,111,132,121,11,3,Keep,
743,math,1/(1x2/2),1,2,0,1,9,1,Keep,
744,math,Sixty one percent of one,0.61,6.1,0.39,0.61,24,4,Keep,
745,math,8 is the square root of ___,64,4,72,64,27,2,Keep,
746,math,13 is the square root of ___,169,39,139,169,28,3,Keep,
747,math,6 is the cube root of ___,216,96,36,216,25,3,Keep,
748,math,779-(-4/2),781,777,333,781,10,3,Keep,
749,math,the first number after one,2,3,5,2,26,1,Keep,
750,math,33 times 0.30,9.9,11,10,9.9,13,3,Keep,
751,math,67.33+33.67,101,110,100,101,11,3,Keep,
752,math,44-22-11+33,44,33,55,44,11,2,Keep,
753,math,12 multiplied by itself,144,124,132,144,23,3,Keep,
754,math,66246 divided by itself,1,33123,2,1,23,1,Keep,
755,math,5=3+1+___,1,5,0,1,9,1,Keep,
756,math,10+9+8-7,20,11,21,20,8,2,Keep,
757,math,74+19,93,91,97,93,5,2,Keep,
758,math,5-2-3-4+6,2,0,8,2,9,1,Keep,
759,math,two minus two hundred,-198,202,198,-198,21,4,Keep,
760,math,99/33/3/2,0.5,1,1.5,0.5,9,3,Keep,
761,math,fifteen squared,225,175,75,225,15,3,Keep,
762,math,3333/2,1666.5,1665.5,1666.6,1666.5,6,6,Keep,
763,math,eleven times thirteen,143,131,123,143,21,3,Keep,
764,math,84+333,417,447,397,417,6,3,Keep,
765,math,(8.1-0.1)x2,16,16.2,4.4,16,11,2,Keep,
766,math,"the number of letters in ""alphabet""",8,29,7,8,35,1,Keep,
767,math,negative seventeen squared,289,-34,249,289,26,3,Keep,
768,math,four times cube root of 64,16,8,4,16,26,2,Keep,
769,math,996/4,249,224,199,249,5,3,Keep,
770,math,a number between 55.6 and 55.7,55.69,55.71,5.563,55.69,30,5,Keep,
771,math,your age plus 16.7 minus your age,16.7,0,-16.7,16.7,33,4,Keep,
772,math,808+1200,2008,2208,2088,2008,8,4,Keep,
773,math,absolute value of 99,99,-99,0,99,20,2,Keep,
774,math,absolute value of -0.8,0.8,8,-0.8,0.8,22,3,Keep,
775,math,125/86x43/0.5,125,1,250,125,13,3,Keep,
776,math,the number of weeks in a day,1/7,7,0.15,1/7,28,3,Keep,
777,math,Fifty two plus five squared,77,57,75,77,27,2,Keep,
778,math,smaller than the others,199+44,1999-555,101+200,199+44,23,6,Keep,
779,math,smaller than the others,555-505,155-55,55.55,555-505,23,7,Keep,
780,math,larger than the others,2,543-544,3/4+1,2,22,1,Keep,
781,geography,Norwegian flag has this color,blue,green,black,blue,29,4,Keep,
782,geography,Turkish flag has this color,red,blue,turquoise,red,27,3,Keep,
783,geography,Ukranian flag has this color,blue,red,orange,blue,28,4,Light edit,"concept-replace: prompt ""Ukranian flag has this color"" → ""Peru flag has this color"" (avoid third Ukrainian-flag question — Q799 still covers Ukraine; CD voice call); options red/blue/green; answer red"
784,geography,Canadian flag has this color,red,yellow,blue,red,28,3,Keep,
785,geography,Brazilian flag has this color,blue,red,white,blue,29,4,Keep,
786,geography,Chinese flag has this color,red,magenta,orange,red,27,3,Keep,
787,geography,Nigerian flag has this color,green,yellow,black,green,28,5,Keep,
788,geography,Russian flag has this color,white,yellow,green,white,27,5,Keep,
789,geography,Polish flag has this color,red,blue,green,red,26,3,Keep,
790,geography,Tunisian flag has this symbol,crescent,cross,sun,crescent,29,8,Keep,
791,geography,Uruguayan flag has this symbol,sun,cross,asteroid,sun,30,3,Keep,
792,geography,Guatemalan flag has this symbol,bird,bear,bison,bird,31,4,Keep,
793,geography,Angolan flag has this symbol,machete,bird,dinosaur,machete,28,7,Keep,
794,geography,Greek flag has this symbol,cross,branch,ipad,cross,26,5,Keep,
795,geography,Azerbaijani flag has this symbol,star,bird,shield,star,32,4,Keep,
796,geography,Turkish flag has this symbol,star,lion,dragon,star,28,4,Keep,
797,geography,Bhutanese flag has this symbol,dragon,eagle,shield,dragon,30,6,Keep,
798,geography,German flag has ___,3 colors,2 colors,13 colors,3 colors,19,8,Keep,
799,geography,Ukranian flag has ___,2 colors,3 colors,4 colors,2 colors,21,8,Light edit,"typo: prompt ""Ukranian"" → ""Ukrainian"""
800,geography,South Korean flag has ___,4 colors,3 colors,42 colors,4 colors,25,8,Keep,
801,geography,a neighbor of France,Switzerland,Portugal,Austria,Switzerland,20,11,Keep,
802,geography,a neighbor of Austria,Hungary,Belgium,USA,Hungary,21,7,Keep,
803,geography,a neighbor of Bulgaria,Turkey,Ukraine,China,Turkey,22,6,Keep,
804,geography,a neighbor of Turkey,Greece,Turkmenistan,India,Greece,20,6,Keep,
805,geography,a neighbor of Chile,Bolivia,Paraguay,Kazakhstan,Bolivia,19,7,Keep,
806,geography,a neighbor of Malaysia,Thailand,New Zealand,China,Thailand,22,8,Keep,
807,geography,a neighbor of South Africa,Zimbabwe,Angola,Mars,Zimbabwe,26,8,Keep,
808,geography,a neighbor of Libya,Sudan,Israel,Finland,Sudan,19,5,Keep,
809,geography,a neighbor of Oman,Yemen,Iraq,Japan,Yemen,18,5,Keep,
810,geography,a neighbor of Estonia,Latvia,Lithuania,Brazil,Latvia,21,6,Keep,
811,geography,a neighbor of Kazakhstan,China,Vatican,Iran,China,24,5,Keep,
812,geography,a neighbor of Sudan,Egypt,Nigeria,Morocco,Egypt,19,5,Keep,
813,geography,a neighbor of Israel,Syria,Iraq,Italy,Syria,20,5,Keep,
814,geography,a neighbor of Pakistan,Iran,Russua,Kazakhstan,Iran,22,4,Light edit,"typo: distractor option2 ""Russua"" → ""Russia"""
815,geography,a neighbor of Bangladesh,India,Pakistan,Indonesia,India,24,5,Keep,
816,geography,not a neighbor of Paraguay,Narnia,Argentina,Brazil,Narnia,26,6,Keep,
817,geography,not a neighbor of Norway,South Africa,Russia,Sweden,South Africa,24,12,Keep,
818,geography,not a neighbor of Peru,Paraguay,Chile,Colombia,Paraguay,22,8,Keep,
819,geography,not a neighbor of Spain,Sweden,Portugal,France,Sweden,23,6,Keep,
820,geography,Buckingham Palace is in,London,Manchester,Liverpool,London,23,6,Keep,
821,geography,the capital of Malta,Valetta,Martha,Rohan,Valetta,20,7,Light edit,"typo: answer ""Valetta"" → ""Valletta"" (Malta capital, two L's)"
822,geography,the capital of Ecuador,Quito,Texas,Manta,Quito,22,5,Keep,
823,geography,the capital of Kenya,Nairobi,Niobe,Mombasa,Nairobi,20,7,Keep,
824,geography,the capital of Finland,Helsinki,Thor,Turku,Helsinki,22,8,Keep,
825,geography,the capital of Italy,Rome,Monte Carlo,Madrid,Rome,20,4,Keep,
826,geography,the capital of China,Beijing,Tokyo,Jackie Chan,Beijing,20,7,Keep,
827,geography,the capital of Turkey,Ankara,Istanbul,Athens,Ankara,21,6,Keep,
828,geography,the capital of Austria,Vienna,Venice,Vancouver,Vienna,22,6,Keep,
829,geography,the capital of Argentina,Buenos Aires,Santiago,Kiwingston,Buenos Aires,24,12,Keep,
830,geography,currency of Estonia,Euro,Lira,Peipa,Euro,19,4,Keep,
831,geography,the largest ocean,Pacific,Atlantic,Indian,Pacific,17,7,Keep,
832,geography,the Thames flows through,London,Paris,Belgrade,London,24,6,Keep,
833,geography,the smallest ocean,Arctic,Indian,Southern,Arctic,18,6,Keep,
834,geography,largest country by area,Russia,China,Canada,Russia,23,6,Keep,
835,geography,smallest country by area,Vatican,Monaco,Narnia,Vatican,24,7,Keep,
836,geography,third highest mountain in the world,Kangchenjunga,Himalchuli,Heibro,Kangchenjunga,35,13,Keep,
837,geography,the national internet domain is .al,Albania,Alabama,Algeria,Albania,35,7,Keep,
838,geography,the national internet domain is .ch,Switzerland,China,Chihuahua,Switzerland,35,11,Keep,
839,geography,the national internet domain is .es,Spain,Estonia,Sparta,Spain,35,5,Keep,
840,geography,the internet domain of Finland,.fi,.fin,.fnd,.fi,30,3,Keep,
841,geography,the internet domain of South africa,.za,.ya,.so,.za,35,3,Light edit,"capitalization: prompt ""South africa"" → ""South Africa"" (proper noun)"
842,geography,the internet domain of Portugal,.pt,.pg,.por,.pt,31,3,Keep,
843,geography,the internet domain of Indonesia,.id,.in,.io,.id,32,3,Keep,
844,geography,Great Victoria Desert is in,Australia,Russia,Tatooine,Australia,27,9,Keep,
845,geography,Karakum Desert is in,Turkmenistan,Uzbekistan,Kurast,Turkmenistan,20,12,Keep,
846,geography,Simpson Desert is in,Australia,Russia,Canada,Australia,20,9,Keep,
847,geography,Bhutan is in ___,Asia,Africa,another castle,Asia,16,4,Keep,
848,geography,Madagascar is ___,an island,a city,a continent,an island,17,9,Keep,
849,geography,Not a city in Russia,Anton,Kazan,St. Petersburg,Anton,20,5,Keep,
850,geography,Volga River flows through,Russia,Sweden,Italy,Russia,25,6,Keep,
851,geography,a city in Russia,Kazan,Iratsburg,Kunayeville,Kazan,16,5,Keep,
852,geography,a country in Africa,Chad,Matt,Smith,Chad,19,4,Keep,
853,geography,a country in South America,Suriname,Burundi,Andorra,Suriname,26,8,Keep,
854,geography,a country in Asia,Jordan,Ukraine,Suriname,Jordan,17,6,Keep,
855,geography,not a country in Europe,Angola,Malta,Albania,Angola,23,6,Keep,
856,geography,the larger country by area,Canada,China,Brazil,Canada,26,6,Keep,
857,geography,the smaller country by area,India,Australia,Brazil,India,27,5,Keep,
858,geography,an archipelago country,Phillipines,Nicaragua,Serbia,Phillipines,22,11,Light edit,"typo: answer ""Phillipines"" → ""Philippines"" (one L, two P's)"
859,geography,chain or cluster of islands,archipelago,megalopolis,aquifer,archipelago,27,11,Keep,
860,geography,a landlocked country,Bhutan,Germany,Mexico,Bhutan,20,6,Keep,
861,geography,not a landlocked country,Romania,Hungary,Armenia,Romania,24,7,Keep,
862,geography,closest to the equator,India,Italy,Egypt,India,22,5,Keep,
863,geography,34th parallel north passes through ___,Japan,Russia,Australia,Japan,38,5,Keep,
864,geography,24th parallel south passes through ___,Australia,Russia,France,Australia,38,9,Keep,
865,geography,11th parallel north passes through ___,Colombia,Russia,South Korea,Colombia,38,8,Keep,
866,geography,55th meridian west passes through ___,Brazil,Peru,USA,Brazil,37,6,Keep,
867,geography,114th meridian east passes through ___,Indonesia,Pakistan,Japan,Indonesia,38,9,Keep,
868,geography,the equator passes through ___,Argentina,USA,Paraguay,Argentina,30,9,Light edit,"concept-replace: equator does NOT pass through Argentina — answer ""Argentina"" → ""Brazil""; distractor option3 ""Paraguay"" → ""Argentina"" (clean north-of/south-of distractor pair)"
869,geography,1988 Olympic Games host city,Seoul,Atlanta,Mexico City,Seoul,28,5,Keep,
870,geography,not an Olympic Games host city,Gotham,Athens,Amsterdam,Gotham,30,6,Keep,
871,geography,Machu Picchu is located in ___,Peru,Colombia,Paraguay,Peru,30,4,Keep,
872,geography,a type of dog breed,Newfoundland,Chikita,Skubi,Newfoundland,19,12,Keep,
873,geography,population is more than 10 million,Istanbul,Switzerland,Chicago,Istanbul,34,8,Keep,
874,geography,population is more than 9 million,Belgium,Swizterland,Denmark,Belgium,33,7,Light edit,"typo: distractor option2 ""Swizterland"" → ""Switzerland"""
875,geography,population is less than 33 million,Texas,Turkey,Tanzania,Texas,34,5,Keep,
876,geography,the capital of Venezuela,Caracas,Maracaibo,Maracay,Caracas,24,7,Keep,
877,geography,the city further north,Rome,Cairo,Istanbul,Rome,22,4,Keep,
878,geography,the city further south,Osaka,Seoul,Tokyo,Osaka,22,5,Keep,
879,geography,larger state by area,Wyoming,Utah,Nebraska,Wyoming,20,7,Keep,
880,geography,larger state by population,Florida,Illinois,North Dakota,Florida,26,7,Keep,
881,geography,city further north,Dakar,Kuala Lumpur,Bogota,Dakar,18,5,Keep,
882,geography,city further south,Bangkok,Dubai,Cancun,Bangkok,18,7,Keep,
883,geography,larger country by population,Indonesia,Malaysia,Canada,Indonesia,28,9,Keep,
884,geography,smaller country by population,Norway,Spain,Italy,Norway,29,6,Keep,
885,geography,smaller country by area,Portugal,USA,Argentina,Portugal,23,8,Keep,
886,geography,smaller country by population,Israel,Kazakhstan,Vietnam,Israel,29,6,Keep,
887,geography,"""Live free or die"" on the license plate",New Hampshire,Montana,Texas,New Hampshire,39,13,Keep,
888,geography,Grand Canyon is in ___,Arizona,Colorado,New Hampshire,Arizona,22,7,Keep,
889,geography,Hagia Sofia is in ___,Istanbul,Athens,Budapest,Istanbul,21,8,Light edit,"standard spelling: prompt ""Hagia Sofia"" → ""Hagia Sophia"" (UNESCO/scholarly standard)"
890,geography,Waikiki Beach is in ___,Honolulu,Kingston,San Juan,Honolulu,23,8,Keep,
891,geography,not a city in Canada,Sorritown,Hamilton,Calgary,Sorritown,20,9,Keep,
892,geography,the city further south,Toronto,Calgary,Montreal,Toronto,22,7,Keep,
893,geography,not a member of the European Union,Switzerland,Latvia,Sweden,Switzerland,34,11,Keep,
894,geography,a member of the European Union,Denmark,Switzerland,Dizniland,Denmark,30,7,Keep,
895,geography,the Nile does not flow through ___,Chad,Uganda,Sudan,Chad,34,4,Keep,
896,geography,the Nile flows through ___,Uganda,Libya,Algeria,Uganda,26,6,Keep,
897,geography,the Appalachian Mountains are in ___,USA,Italy,Scotland,USA,36,3,Keep,
898,geography,the capital of Ireland,Dublin,Galway,Edinburgh,Dublin,22,6,Keep,
899,geography,knife of the Gurkhas,Kirku,Hancer,Blaid,Kirku,20,5,Light edit,"typo: answer ""Kirku"" → ""Kukri"" (Gurkha knife is the kukri)"
900,geography,Singapore's population is less than ___,10 million,1 million,500,10 million,39,10,Keep,
901,geography,Palace of Versailles is in ___,France,Austria,Vatican,France,30,6,Keep,
902,geography,CN Tower is in ___,Toronto,Chicago,Seattle,Toronto,18,7,Keep,
903,geography,Harvard University is in ___,Cambridge,Oxford,Wadev,Cambridge,28,9,Keep,
904,geography,Dartmouth College is in ___,Hanover,Norwich,Gog Reen,Hanover,27,7,Keep,
905,geography,University of Chicago is in ___,Chicago,Helsinki,Siberia,Chicago,31,7,Keep,
906,geography,UCLA is in ___,LA,UC,CL,LA,14,2,Keep,
907,geography,Dubrovnik is in ___,Croatia,Serbia,Ukraine,Croatia,19,7,Keep,
908,geography,Adriatic Sea cost runs along ___,Slovenia,Germany,Russia,Slovenia,32,8,Keep,
909,geography,Indonesia's population is more than ___,859,786 million,364 million,859,39,3,Keep,
910,geography,highest mountain in France,Mont Blanc,Mont Rouge,Mont Grand,Mont Blanc,26,10,Keep,
911,geography,larger than Australia by area,Brazil,India,Germany,Brazil,29,6,Keep,
912,geography,a state in the USA,New Mexico,West Ohio,New Amsterdam,New Mexico,18,10,Keep,
913,geography,a city in Kazakhstan,Almaty,Irat,Joshqun,Almaty,20,6,Keep,
914,geography,a city in France,Lyon,London,Cann,Lyon,16,4,Keep,
915,geography,a city in Germany,Dortmund,Borussia,Duisden,Dortmund,17,8,Keep,
916,geography,a city in Greece,Patras,Hellas,Fellas,Patras,16,6,Keep,
917,geography,a city in Morocco,Casablanca,Babol,Tabar,Casablanca,17,10,Keep,
918,geography,a city in Canada,Edmonton,Burton,Sincity,Edmonton,16,8,Keep,
919,geography,a city in England,Liverpool,Omaha,Newland,Liverpool,17,9,Keep,
920,geography,a city in Sweden,Gothenburg,Malmsteen,Yngkorrkt,Gothenburg,16,10,Keep,
921,geography,a city in Finland,Turku,Takla,Tilki,Turku,17,5,Keep,
922,geography,Caspian Sea doesn't border ___,China,Azerbaijan,Russia,China,30,5,Keep,
923,geography,a neighbor of Armenia,Georgia,Carolina,Florida,Georgia,21,7,Keep,
924,geography,Sears Tower is in ___,Chicago,Toronto,Miami,Chicago,21,7,Light edit,"already-effected change (ruling #14): prompt ""Sears Tower"" → ""Willis Tower"" (renamed 2009; same answer Chicago)"
925,geography,Arc de Triomphe is in ___,Paris,Lyon,Brussels,Paris,25,5,Keep,
926,geography,Palazzo Vecchio is in ___,Florence,Rome,Milan,Florence,25,8,Keep,
927,geography,Sydney Opera House is in ___,Sydney,Syndey,Sydeny,Sydney,28,6,Keep,
928,geography,a city in the northern hemisphere,Beijing,Sydney,Cape Town,Beijing,33,7,Keep,
929,geography,a city in the southern hemisphere,Buenos Aires,Dakar,Seoul,Buenos Aires,33,12,Keep,
930,geography,not in the northern hemisphere,Paraguay,France,Egypt,Paraguay,30,8,Keep,
931,geography,the larger city by population,Mexico City,Istanbul,Osaka,Mexico City,29,11,Keep,
932,geography,the smaller city by population,Norway,Spain,Italy,Norway,30,6,Light edit,"prompt clarification: ""the smaller city by population"" → ""the smaller country by population"" (options Norway/Spain/Italy are countries not cities; matches Q884 — duplicate accepted by CD)"
933,geography,a country in the Northern Hemisphere,Egypt,South Africa,Uruguay,Egypt,36,5,Keep,
934,geography,a country in the Southern Hemisphere,Zambia,Tunisia,Morocco,Zambia,36,6,Keep,
935,geography,Mount Everest is located in ___,China,Russia,India,China,31,5,Light edit,"concept-replace: prompt ""Mount Everest is located in ___"" → ""Everest is in the ___ mountain range"" (avoids China-vs-Nepal disputed-summit ambiguity); answer ""China"" → ""Himalayas""; distractors ""Russia""/""India"" → ""Rocky""/""Alps"""
936,geography,not a city in Europe,Port Elizabeth,Tirana,Lyon,Port Elizabeth,20,14,Keep,
937,geography,not a city in Asia,Belgrade,Osaka,Baghdad,Belgrade,18,8,Keep,
938,geography,a city in Northern America,Tijuana,Newshire,Pelwood,Tijuana,26,7,Keep,
939,geography,a city in Europe,Paris,France,Argentina,Paris,16,5,Keep,
940,geography,the largest continent,Asia,America,Africa,Asia,21,4,Keep,
941,geography,larger country by population,Brazil,Russia,Japan,Brazil,28,6,Keep,
942,people,he cut Van Gogh's ear,Van Gogh,E. Scissorhands,P. Gaugin,Van Gogh,21,8,Light edit,"typo: distractor option3 ""P. Gaugin"" → ""P. Gauguin"""
943,people,"""cogito ergo sum""",Descartes,Leibniz,Shakespeare,Descartes,17,9,Keep,
944,people,painted the Sistine Chapel,Michelangelo,Donatello,Splinter,Michelangelo,26,12,Keep,
945,people,Wolfgang ___ Mozart,amadeus,theo,constanze,amadeus,19,7,Light edit,"capitalization: answer ""amadeus"" → ""Amadeus"" (proper noun, middle name)"
946,people,painted Mona Lisa,Leonardo da Vinci,Michelangelo,Rene Magritte,Leonardo da Vinci,17,17,Keep,
947,people,painted The Last Supper,Leonardo da Vinci,Pablo Picasso,Claude Monet,Leonardo da Vinci,23,17,Keep,
948,people,painted Girl with a Pearl Earring,Johannes Vermeer,Rene Magritte,Edouard Manet,Johannes Vermeer,33,16,Keep,
949,people,painted American Gothic,Grant Wood,Jackson Pollock,Homer Simpson,Grant Wood,23,10,Keep,
950,people,painted The Scream,Edvard Munch,Wes Craven,Jackson Pollock,Edvard Munch,18,12,Keep,
951,people,former Chicago Bulls player,Jerry Sloan,Karl Malone,John Stockton,Jerry Sloan,27,11,Keep,
952,people,founder of Louis Vuitton,Louis Vuitton,Coco de Gabbana,Pepe LePeu,Louis Vuitton,24,13,Keep,
953,people,French haute couture fashion designer,Jean Paul Gaultier,Anna Wintour,Domenico Dolce,Jean Paul Gaultier,37,18,Light edit,"punctuation: answer ""Jean Paul Gaultier"" → ""Jean-Paul Gaultier"" (canonical hyphenation, same as Q556 Jay-Z)"
954,people,chess legend with no defeats against AI,Bobby Fischer,Garry Kasparov,Joseph Saddler,Bobby Fischer,39,13,Keep,
955,people,former British Prime Minister,Margaret Thatcher,Tony Blare,Gordon Cameron,Margaret Thatcher,29,17,Keep,
956,people,American actress with no Oscars,Marilyn Monroe,Helen Mirren,Meryl Streep,Marilyn Monroe,31,14,Keep,
957,people,Renaissance astronomer,Copernicus,Isaac Newton,Leonardo DiCaprio,Copernicus,22,10,Keep,
958,people,South Korean football player,Park Ji-sung,Park Sun Jae,Ji-Soo Kwon,Park Ji-sung,28,12,Keep,
959,people,American skater,Rodney Mullen,Tony Eagle,John Eagleflag,Rodney Mullen,15,13,Keep,
960,people,Muhammad Ali's first defeat was vs. ___,Joe Fraizer,George Foreman,Floyd Patterson,Joe Fraizer,39,11,Light edit,"typo: answer ""Joe Fraizer"" → ""Joe Frazier"""
961,people,founded Ford Motor Company,Henry Ford,Henry Fonda,Tom Ford,Henry Ford,26,10,Keep,
962,people,13th century philosopher,Roger Bacon,Francis Bacon,Kevin Bacon,Roger Bacon,24,11,Keep,
963,people,not a Nobel Prize winner,M. Gandhi,B. Obama,H. Kissinger,M. Gandhi,24,9,Keep,
964,people,French fashion designer,Coco Chanel,Donna Karan,Shia LeBeouf,Coco Chanel,23,11,Keep,
965,people,English chemist and physicist,M. Faraday,N. Tesla,A. Einstein,M. Faraday,29,10,Keep,
966,people,leading figure in pop art movement,Andy Warhol,Michael Ciccone,Jackson Pollock,Andy Warhol,34,11,Keep,
967,people,English football player,Wayne Rooney,George Michael,Julian Casablancas,Wayne Rooney,23,12,Keep,
968,people,American football player,Tom Brady,Wayne Brady,Bradley Manning,Tom Brady,24,9,Light edit,"cultural drift (ruling #16): distractor option3 ""Bradley Manning"" → ""Bradley Cooper"" (Chelsea Manning came out as transgender in 2013; using deadname in 2026 is inappropriate; Bradley Cooper preserves wrong-Bradley wordplay — actor not football)"
969,people,Germanl football player,Philipp Lahm,Marc Janko,Heinrich Hertz,Philipp Lahm,23,12,Light edit,"typo: prompt ""Germanl"" → ""German"""
970,people,Italian football player,Mario Balotelli,Vito Corleone,Enrico Fermi,Mario Balotelli,23,15,Keep,
971,people,Bulgarian football player,Dimitar Berbatov,Hristo Sirakov,Ayan Stoichkov,Dimitar Berbatov,25,16,Keep,
972,people,Japanese football player,Shinji Okazaki,Park Ji-Sun,Ichiro Suzuki,Shinji Okazaki,24,14,Keep,
973,people,American basketball player,Scottie Pippen,Landon Donovan,Steve Nash,Scottie Pippen,26,14,Keep,
974,people,co-founder of Microsoft,Paul Allen,Steve Gates,Steve Ballmer,Paul Allen,23,10,Keep,
975,people,unveiled the iMac in 1998,Steve Jobs,Bill Gates,Justin Bieber,Steve Jobs,25,10,Keep,
976,people,Braille was invented by ___,Louis Braille,Louis CK,Helen Keller,Louis Braille,27,13,Keep,
977,people,Australian Formula 1 driver,Mark Webber,Sebastian Vettel,Lewis Hamilton,Mark Webber,27,11,Keep,
978,people,designer of the Sydney Opera House,Joern Utzon,Malcolm Young,Steve Irwin,Joern Utzon,34,11,Keep,
979,people,French goalkeeper,Fabien Barthez,Frank Ribery,G. Ardien deBut,Fabien Barthez,17,14,Light edit,"concept-replace: prompt ""French goalkeeper"" → ""famous French footballer""; answer ""Fabien Barthez"" → ""K. Mbappé"" (more contemporary anchor); distractors ""Frank Ribery""/""G. Ardien deBut"" → ""C. Ronaldo""/""L. Messi"" (foreign superstars, ""spot the French one"" puzzle)"
980,people,former Manchester United player,Eric Cantona,David Seaman,Alan Shearer,Eric Cantona,31,12,Keep,
981,people,scored in the 1998 FIFA World Cup,Zinedine Zidane,George Weah,Johann Cruyff,Zinedine Zidane,33,15,Keep,
982,people,American standup,Richard Pryor,Eddie Izzard,Ricky Gervais,Richard Pryor,16,13,Keep,
983,people,former Mr. Olympia,A. Schwarzenegger,Flex Wheeler,Kevin Levrone,A. Schwarzenegger,18,17,Keep,
984,people,40th president of the USA,Ronald Reagan,T. Roosevelt,Gerald Ford,Ronald Reagan,25,13,Keep,
985,people,American gangster,Al Capone,Al Pacino,Al Jazeera,Al Capone,17,9,Keep,
986,people,French general and statesman,Charles de Gaulle,Jacques Cousteau,Thierry Henry,Charles de Gaulle,28,17,Keep,
987,people,"""Vini, vidi, vici""",Julius Caesar,Genghis Khan,Tony Montana,Julius Caesar,18,13,Light edit,"Latin spelling: prompt ""Vini, vidi, vici"" → ""Veni, vidi, vici"" (Caesar said Veni, not Vini)"
988,people,a student of Socrates,Pluto,Dionysus,Apollo,Pluto,21,5,Light edit,"source typo: option1 ""Pluto"" → ""Plato"" (student of Socrates is the philosopher Plato, not the god Pluto; broken puzzle without fix; Q989 confirms — ""student of Plato"" → Aristotle)"
989,people,a student of Plato,Aristotle,Socrates,Tzatziki,Aristotle,18,9,Keep,
990,people,famous magician,Houdini,Panentellur,Karl Popper,Houdini,15,7,Keep,
991,people,"""Green Eggs & Ham"" is penned by this man",Dr. Seuss,Dr. Juice,Dr. Snooze,Dr. Seuss,40,9,Keep,
992,literature,fictional detective,Sherlock Holmes,Lawrence Walgrave,Lex Luthor,Sherlock Holmes,19,15,Keep,
993,literature,a character by Agatha Christie,Hercule Poirot,Harry Potter,Perry Mason,Hercule Poirot,30,14,Keep,
994,literature,she wrote Harry Potter,J. K. Rowling,S. Meyer,A. Christie,J. K. Rowling,22,13,Keep,
995,literature,he wrote The BFG,Roald Dahl,Maurice Sendak,Shel Sliverstein,Roald Dahl,16,10,Light edit,"typo: distractor option3 ""Shel Sliverstein"" → ""Shel Silverstein"""
996,literature,The Hobbit was written by a ___,human,dwarf,hobbit,human,31,5,Keep,
997,literature,a hobbit in The Hobbit,Bilbo,Malmo,Elmo,Bilbo,22,5,Keep,
998,literature,he was not a doctor but a writer,Dr. Seuss,Dr. Whose,Dr. Choose,Dr. Seuss,32,9,Keep,
999,literature,he wrote Alice in Wonderland,Lewis Carroll,Roald Dahl,John Ruskin,Lewis Carroll,28,13,Keep,
1000,literature,he wrote War and Peace,Leo Tolstoy,F. Dostoyevsky,Nikolai Gogol,Leo Tolstoy,22,11,Keep,
1001,literature,Irish novelist,James Joyce,James Hetfield,James Cameron,James Joyce,14,11,Keep,
